date,symbol,avg_sentiment,news_count
2022-12-26,ADA,0.0,2
2023-01-02,ADA,0.4295791666666666,24
2023-01-09,ADA,0.5472058823529412,17
2023-01-16,ADA,0.37555625,16
2023-01-23,ADA,0.28376,15
2023-01-30,ADA,0.5720478260869565,23
2023-02-06,ADA,0.4240590909090909,22
2023-02-13,ADA,0.29847894736842107,19
2023-02-20,ADA,0.37045882352941173,17
2023-02-27,ADA,0.030713333333333325,15
2023-03-06,ADA,0.3051272727272727,11
2023-03-13,ADA,0.41617272727272725,11
2023-03-20,ADA,0.5333555555555556,9
2023-03-27,ADA,0.5231857142857143,14
2023-04-03,ADA,0.5431944444444444,18
2023-04-10,ADA,0.605890909090909,11
2023-04-17,ADA,0.666365,20
2023-04-24,ADA,0.4561058823529412,17
2023-05-01,ADA,0.08683333333333333,15
2023-05-08,ADA,0.25168500000000005,20
2023-05-15,ADA,0.41159999999999997,14
2023-05-22,ADA,0.4398772727272728,22
2023-05-29,ADA,0.31732777777777776,18
2023-06-05,ADA,0.1784825,40
2023-06-12,ADA,0.5220703703703704,27
2023-06-19,ADA,0.26030625,16
2023-06-26,ADA,0.3591714285714286,21
2023-07-03,ADA,0.5523666666666667,21
2023-07-10,ADA,0.8268727272727272,11
2023-07-17,ADA,0.71592,10
2023-07-24,ADA,0.7809153846153846,13
2023-07-31,ADA,0.2648058823529412,17
2023-08-07,ADA,0.47261428571428576,21
2023-08-14,ADA,0.17426363636363637,11
2023-08-21,ADA,0.14571875,16
2023-08-28,ADA,0.43905555555555553,9
2023-09-04,ADA,0.4755846153846154,13
2023-09-11,ADA,0.5011,16
2023-09-18,ADA,0.3077857142857143,14
2023-09-25,ADA,0.8334625,8
2023-10-02,ADA,0.5707230769230769,13
2023-10-09,ADA,-0.043936363636363635,11
2023-10-16,ADA,0.3324384615384615,13
2023-10-23,ADA,0.2550769230769231,13
2023-10-30,ADA,0.5029111111111111,9
2023-11-06,ADA,0.5961166666666666,24
2023-11-13,ADA,0.5567222222222222,18
2023-11-20,ADA,0.48617333333333335,15
2023-11-27,ADA,0.4311684210526316,19
2023-12-04,ADA,0.5029428571428571,21
2023-12-11,ADA,0.4842769230769231,26
2023-12-18,ADA,0.44105625,16
2023-12-25,ADA,0.5750785714285714,14
2024-01-01,ADA,0.6294181818181819,11
2024-01-08,ADA,0.5252058823529412,17
2024-01-15,ADA,0.7765500000000001,10
2024-01-22,ADA,0.7395666666666667,15
2024-01-29,ADA,0.3899315789473684,19
2024-02-05,ADA,0.49064,25
2024-02-12,ADA,0.5610864864864865,37
2024-02-19,ADA,0.39034583333333334,24
2024-02-26,ADA,0.560875,16
2024-03-04,ADA,0.7858066666666667,15
2024-03-11,ADA,0.36219375,16
2024-03-18,ADA,0.5796038461538461,26
2024-03-25,ADA,0.508835294117647,17
2024-04-01,ADA,0.6656562500000001,16
2024-04-08,ADA,0.449028,25
2024-04-15,ADA,0.528221052631579,19
2024-04-22,ADA,0.43129545454545454,22
2024-04-29,ADA,0.36602999999999997,20
2024-05-06,ADA,0.4534125,16
2024-05-13,ADA,0.32772,15
2024-05-20,ADA,0.5430526315789473,19
2024-05-27,ADA,0.5219875,8
2024-06-03,ADA,0.2852571428571428,14
2024-06-10,ADA,0.5156090909090909,11
2024-06-17,ADA,0.2611866666666666,15
2024-06-24,ADA,0.3420666666666667,15
2024-07-01,ADA,0.3936,10
2024-07-08,ADA,0.5565555555555556,18
2024-07-15,ADA,0.42392499999999994,12
2024-07-22,ADA,0.43701249999999997,16
2024-07-29,ADA,0.10978750000000001,16
2024-08-05,ADA,0.3260818181818182,11
2024-08-12,ADA,0.32294761904761904,21
2024-08-19,ADA,0.4167724137931034,29
2024-08-26,ADA,0.40324444444444446,18
2024-09-02,ADA,0.30718999999999996,20
2024-09-09,ADA,0.40116666666666667,21
2024-09-16,ADA,0.57643,10
2024-09-23,ADA,0.6058111111111111,9
2024-09-30,ADA,0.3035076923076923,13
2024-10-07,ADA,0.4974222222222222,18
2024-10-14,ADA,0.6565285714285715,7
2024-10-21,ADA,0.50935625,16
2024-10-28,ADA,0.23722608695652173,23
2024-11-04,ADA,0.4429318181818182,22
2024-11-11,ADA,0.5876533333333334,15
2024-11-18,ADA,0.5573071428571429,28
2024-11-25,ADA,0.8921772727272728,22
2024-12-02,ADA,0.8113645161290323,31
2024-12-09,ADA,0.40380555555555553,18
2024-12-16,ADA,0.7390111111111111,27
2024-12-23,ADA,0.6597,23
2024-12-30,ADA,0.8967275862068965,29
2025-01-06,ADA,0.6664333333333333,24
2025-01-13,ADA,0.97846875,32
2025-01-20,ADA,0.9642257142857144,35
2025-01-27,ADA,0.8730463414634146,41
2025-02-03,ADA,0.965997619047619,42
2025-02-10,ADA,0.9256621621621621,37
2025-02-17,ADA,0.8214975000000001,40
2025-02-24,ADA,0.7814390243902439,41
2025-03-03,ADA,0.7779207792207793,77
2025-03-10,ADA,0.7163400000000001,30
2025-03-17,ADA,0.7698258064516129,31
2025-03-24,ADA,0.9053850000000001,20
2025-03-31,ADA,0.739775,44
2025-04-07,ADA,0.8714478260869565,46
2025-04-14,ADA,0.8304368421052631,38
2025-04-21,ADA,0.8949184210526316,38
2025-04-28,ADA,0.9159676470588236,34
2025-05-05,ADA,0.8611375,32
2025-05-12,ADA,0.8965285714285715,35
2025-05-19,ADA,0.8511689655172414,29
2025-05-26,ADA,0.8593448275862069,29
2025-06-02,ADA,0.9724304347826087,23
2025-06-09,ADA,0.49032222222222216,18
2025-06-16,ADA,0.8686571428571429,28
2025-06-23,ADA,0.7327666666666667,15
2025-06-30,ADA,0.825291304347826,23
2025-07-07,ADA,0.7749720000000001,25
2025-07-14,ADA,0.850821875,32
2025-07-21,ADA,0.9992833333333334,6
2022-12-26,AVAX,0.0,1
2023-01-02,AVAX,0.27806000000000003,10
2023-01-09,AVAX,0.35952857142857136,14
2023-01-16,AVAX,0.09842857142857145,7
2023-01-23,AVAX,0.3436533333333333,15
2023-01-30,AVAX,0.3000846153846154,13
2023-02-06,AVAX,0.6026666666666667,3
2023-02-13,AVAX,0.311075,4
2023-02-20,AVAX,0.3530777777777778,9
2023-02-27,AVAX,0.45612,5
2023-03-06,AVAX,0.18285,8
2023-03-13,AVAX,0.3227,9
2023-03-20,AVAX,0.01062857142857144,7
2023-03-27,AVAX,0.2682,4
2023-04-03,AVAX,0.6962875,8
2023-04-10,AVAX,0.3261,3
2023-04-17,AVAX,0.37051,10
2023-04-24,AVAX,0.3351272727272727,11
2023-05-01,AVAX,0.36755,8
2023-05-08,AVAX,0.5660333333333333,6
2023-05-15,AVAX,0.43134285714285714,7
2023-05-22,AVAX,0.7578125,8
2023-05-29,AVAX,0.7940333333333333,6
2023-06-05,AVAX,0.16498,5
2023-06-12,AVAX,0.9596333333333332,3
2023-06-19,AVAX,0.4918,8
2023-06-26,AVAX,0.9826333333333334,3
2023-07-03,AVAX,0.41646,5
2023-07-10,AVAX,0.8395666666666667,6
2023-07-17,AVAX,0.5132,3
2023-07-24,AVAX,0.893575,4
2023-07-31,AVAX,0.8668750000000001,4
2023-08-07,AVAX,0.0,2
2023-08-14,AVAX,0.6363,4
2023-08-21,AVAX,0.3215818181818182,11
2023-08-28,AVAX,0.3987,3
2023-09-04,AVAX,0.64845,4
2023-09-11,AVAX,0.0,2
2023-09-18,AVAX,0.22096,5
2023-09-25,AVAX,0.4027,4
2023-10-02,AVAX,0.36110000000000003,15
2023-10-09,AVAX,0.31723,10
2023-10-16,AVAX,0.28985,4
2023-10-23,AVAX,0.0,2
2023-10-30,AVAX,0.33326666666666666,3
2023-11-06,AVAX,0.0,2
2023-11-13,AVAX,0.5849666666666666,15
2023-11-20,AVAX,0.40781428571428574,7
2023-11-27,AVAX,0.46104,5
2023-12-04,AVAX,0.26114000000000004,5
2023-12-11,AVAX,0.4063642857142857,14
2023-12-18,AVAX,0.42362,5
2023-12-25,AVAX,0.45677,10
2024-01-01,AVAX,0.7824333333333334,6
2024-01-08,AVAX,0.5976571428571429,7
2024-01-15,AVAX,0.4510666666666667,3
2024-01-22,AVAX,0.4245923076923077,13
2024-01-29,AVAX,0.28793636363636366,11
2024-02-05,AVAX,0.4177666666666667,9
2024-02-12,AVAX,0.69323,10
2024-02-19,AVAX,0.177,10
2024-02-26,AVAX,0.4482888888888889,9
2024-03-04,AVAX,0.7341599999999999,5
2024-03-11,AVAX,0.5186,15
2024-03-18,AVAX,0.11137499999999997,8
2024-03-25,AVAX,0.7238857142857142,7
2024-04-01,AVAX,0.75484,5
2024-04-08,AVAX,0.5423333333333333,3
2024-04-15,AVAX,0.0796,4
2024-04-22,AVAX,0.395,3
2024-04-29,AVAX,0.27995000000000003,14
2024-05-06,AVAX,0.758325,4
2024-05-13,AVAX,0.47332,5
2024-05-20,AVAX,0.8242666666666666,3
2024-05-27,AVAX,0.74588,5
2024-06-03,AVAX,0.6650222222222222,9
2024-06-10,AVAX,0.45591428571428577,7
2024-06-17,AVAX,0.3032666666666667,12
2024-06-24,AVAX,0.48496000000000006,10
2024-07-01,AVAX,0.44670000000000004,5
2024-07-08,AVAX,0.5698,7
2024-07-15,AVAX,0.7833333333333333,6
2024-07-22,AVAX,0.5772333333333334,3
2024-07-29,AVAX,0.33314000000000005,5
2024-08-05,AVAX,0.0,2
2024-08-12,AVAX,0.54586,5
2024-08-19,AVAX,0.2896,14
2024-08-26,AVAX,0.05652222222222224,9
2024-09-02,AVAX,0.0,2
2024-09-09,AVAX,0.9720666666666666,3
2024-09-16,AVAX,0.52752,5
2024-09-23,AVAX,0.7040833333333333,6
2024-09-30,AVAX,0.46116,5
2024-10-07,AVAX,0.697875,8
2024-10-14,AVAX,0.21976666666666667,6
2024-10-21,AVAX,0.765725,4
2024-10-28,AVAX,0.0,1
2024-11-04,AVAX,0.22525555555555554,9
2024-11-11,AVAX,0.0,1
2024-11-18,AVAX,0.8932666666666668,3
2024-11-25,AVAX,0.25127142857142853,7
2024-12-02,AVAX,0.7837181818181819,11
2024-12-09,AVAX,0.5573,11
2024-12-16,AVAX,0.9849125,8
2024-12-23,AVAX,0.73438,10
2024-12-30,AVAX,0.0,2
2025-01-06,AVAX,0.9926,5
2025-01-13,AVAX,0.0,2
2025-01-20,AVAX,0.80434,5
2025-01-27,AVAX,0.58516,5
2025-02-03,AVAX,0.876775,12
2025-02-10,AVAX,0.9924428571428571,7
2025-02-17,AVAX,0.4839,4
2025-02-24,AVAX,0.863525,4
2025-03-03,AVAX,0.9581,4
2025-03-10,AVAX,0.44616666666666666,12
2025-03-17,AVAX,0.99666,5
2025-03-24,AVAX,0.7342000000000001,10
2025-03-31,AVAX,0.96515,8
2025-04-07,AVAX,0.9050666666666666,12
2025-04-14,AVAX,0.8509,9
2025-04-21,AVAX,0.9434777777777776,9
2025-04-28,AVAX,0.999225,4
2025-05-05,AVAX,0.8014800000000001,10
2025-05-12,AVAX,0.9414846153846154,13
2025-05-19,AVAX,0.9213,11
2025-05-26,AVAX,0.8073333333333333,9
2025-06-02,AVAX,0.971875,4
2025-06-09,AVAX,0.55428,10
2025-06-16,AVAX,0.6868153846153846,13
2025-06-23,AVAX,0.9875285714285714,7
2025-06-30,AVAX,0.9573066666666666,15
2025-07-07,AVAX,0.8686727272727274,11
2025-07-14,AVAX,0.0,2
2023-01-02,BNB,0.20739090909090907,11
2023-01-09,BNB,0.24644285714285716,7
2023-01-16,BNB,0.28019999999999995,7
2023-01-23,BNB,0.23788571428571428,7
2023-01-30,BNB,0.07348333333333333,12
2023-02-06,BNB,0.17753846153846153,13
2023-02-13,BNB,0.46583636363636366,11
2023-02-20,BNB,0.11044285714285715,7
2023-02-27,BNB,0.5876857142857144,7
2023-03-06,BNB,0.4602166666666667,6
2023-03-13,BNB,0.16224999999999998,6
2023-03-20,BNB,0.8512,3
2023-03-27,BNB,0.17732857142857145,7
2023-04-03,BNB,0.2596416666666667,12
2023-04-10,BNB,0.4134076923076923,13
2023-04-17,BNB,0.6942,7
2023-04-24,BNB,0.4952625,8
2023-05-01,BNB,0.15946999999999997,10
2023-05-08,BNB,0.51366,10
2023-05-15,BNB,0.30970000000000003,9
2023-05-22,BNB,0.2313555555555556,9
2023-05-29,BNB,0.6424,3
2023-06-05,BNB,0.22475,10
2023-06-12,BNB,0.29766,20
2023-06-19,BNB,0.43136,5
2023-06-26,BNB,0.115625,8
2023-07-03,BNB,0.019266666666666658,6
2023-07-10,BNB,0.6408181818181818,11
2023-07-17,BNB,0.43264,15
2023-07-24,BNB,0.60564,5
2023-07-31,BNB,0.295125,12
2023-08-07,BNB,0.3997,3
2023-08-14,BNB,0.43665,4
2023-08-21,BNB,-0.03785000000000001,10
2023-08-28,BNB,0.12826666666666667,3
2023-09-04,BNB,-0.10219999999999999,7
2023-09-11,BNB,-0.04127499999999998,4
2023-09-18,BNB,0.5750166666666666,6
2023-09-25,BNB,0.3286142857142857,7
2023-10-02,BNB,0.2836666666666667,3
2023-10-09,BNB,0.23785714285714285,7
2023-10-16,BNB,0.50692,5
2023-10-23,BNB,0.10033333333333332,3
2023-10-30,BNB,0.41373999999999994,5
2023-11-06,BNB,0.5178666666666666,3
2023-11-13,BNB,0.0,2
2023-11-20,BNB,-0.20797,20
2023-11-27,BNB,0.48214444444444443,9
2023-12-04,BNB,0.1811666666666667,3
2023-12-11,BNB,0.4052428571428571,7
2023-12-18,BNB,0.7645285714285714,7
2023-12-25,BNB,0.45112142857142856,14
2024-01-01,BNB,0.321225,4
2024-01-08,BNB,0.5717285714285714,7
2024-01-15,BNB,0.8103125,8
2024-01-22,BNB,0.20806666666666665,3
2024-01-29,BNB,0.79684,5
2024-02-05,BNB,0.09605,4
2024-02-12,BNB,0.5301142857142856,7
2024-02-19,BNB,0.5686583333333334,12
2024-02-26,BNB,0.6527999999999999,5
2024-03-04,BNB,0.2438625,8
2024-03-11,BNB,0.529,11
2024-03-18,BNB,0.6855100000000001,10
2024-03-25,BNB,0.6075625,8
2024-04-01,BNB,0.21938,10
2024-04-08,BNB,0.2386285714285714,7
2024-04-15,BNB,0.51836,5
2024-04-22,BNB,0.5423454545454546,11
2024-04-29,BNB,0.1638111111111111,9
2024-05-06,BNB,0.88486,5
2024-05-13,BNB,0.24200000000000002,8
2024-05-20,BNB,0.497575,8
2024-05-27,BNB,0.48491666666666666,6
2024-06-03,BNB,0.4033555555555555,18
2024-06-10,BNB,0.15644444444444444,9
2024-06-17,BNB,0.9163,3
2024-06-24,BNB,0.19344444444444442,9
2024-07-01,BNB,0.044800000000000006,5
2024-07-08,BNB,0.46316000000000007,5
2024-07-15,BNB,0.3772,4
2024-07-22,BNB,0.6685166666666666,6
2024-07-29,BNB,0.7675625,8
2024-08-05,BNB,0.06041250000000001,8
2024-08-12,BNB,-0.12424999999999999,8
2024-08-19,BNB,0.5706916666666667,12
2024-08-26,BNB,0.43156666666666665,6
2024-09-02,BNB,-0.015366666666666676,3
2024-09-09,BNB,0.3408166666666667,6
2024-09-16,BNB,0.7334285714285714,7
2024-09-23,BNB,0.2526,10
2024-09-30,BNB,0.0,2
2024-10-07,BNB,0.38402857142857144,7
2024-10-14,BNB,0.4098875,8
2024-10-21,BNB,0.06005000000000002,4
2024-10-28,BNB,0.6367222222222222,9
2024-11-04,BNB,0.6992090909090909,11
2024-11-11,BNB,0.984925,4
2024-11-18,BNB,0.566175,4
2024-11-25,BNB,0.6897777777777778,18
2024-12-02,BNB,0.3548,10
2024-12-09,BNB,0.8809571428571429,7
2024-12-16,BNB,0.7297190476190476,21
2024-12-23,BNB,0.6776846153846154,13
2024-12-30,BNB,0.700575,8
2025-01-06,BNB,0.9441125,8
2025-01-13,BNB,0.79652,15
2025-01-20,BNB,0.9969777777777777,9
2025-01-27,BNB,0.9614666666666666,6
2025-02-03,BNB,0.6132846153846153,13
2025-02-10,BNB,0.7787333333333334,27
2025-02-17,BNB,0.8798666666666667,9
2025-02-24,BNB,0.5615454545454545,11
2025-03-03,BNB,0.445025,8
2025-03-10,BNB,0.9739800000000001,10
2025-03-17,BNB,0.6456478260869565,23
2025-03-24,BNB,0.34802941176470586,17
2025-03-31,BNB,0.7961400000000001,20
2025-04-07,BNB,0.6700416666666666,12
2025-04-14,BNB,0.7803933333333333,15
2025-04-21,BNB,0.6793076923076923,13
2025-04-28,BNB,0.9285375,8
2025-05-05,BNB,0.5955333333333334,24
2025-05-12,BNB,0.841323076923077,13
2025-05-19,BNB,0.8808166666666666,18
2025-05-26,BNB,0.8320714285714287,14
2025-06-02,BNB,0.6544928571428572,14
2025-06-09,BNB,0.8470125,16
2025-06-16,BNB,0.8109333333333333,12
2025-06-23,BNB,0.8243857142857143,14
2025-06-30,BNB,0.7683947368421054,19
2025-07-07,BNB,0.69575,18
2025-07-14,BNB,0.9419625,16
2022-12-26,BTC,0.3017785714285714,14
2023-01-02,BTC,0.2925611111111111,90
2023-01-09,BTC,0.3072930434782609,115
2023-01-16,BTC,0.21005350877192983,114
2023-01-23,BTC,0.3529233576642336,137
2023-01-30,BTC,0.27443720930232557,129
2023-02-06,BTC,0.2184436974789916,119
2023-02-13,BTC,0.32906907216494846,97
2023-02-20,BTC,0.27632222222222225,90
2023-02-27,BTC,0.13448301886792452,106
2023-03-06,BTC,0.1420838383838384,99
2023-03-13,BTC,0.2568047619047619,105
2023-03-20,BTC,0.31603474576271184,118
2023-03-27,BTC,0.325589247311828,93
2023-04-03,BTC,0.29696370967741936,124
2023-04-10,BTC,0.3891423611111111,144
2023-04-17,BTC,0.2704516393442623,122
2023-04-24,BTC,0.295715,120
2023-05-01,BTC,0.2811081081081081,148
2023-05-08,BTC,0.2852198675496689,151
2023-05-15,BTC,0.36037372262773726,137
2023-05-22,BTC,0.33710367647058825,136
2023-05-29,BTC,0.3549772727272727,132
2023-06-05,BTC,0.3094029411764706,102
2023-06-12,BTC,0.4363177419354839,124
2023-06-19,BTC,0.5301147651006711,149
2023-06-26,BTC,0.4129209150326797,153
2023-07-03,BTC,0.36415833333333336,180
2023-07-10,BTC,0.3847022222222222,135
2023-07-17,BTC,0.49297424242424237,132
2023-07-24,BTC,0.43707203389830507,118
2023-07-31,BTC,0.3496205298013245,151
2023-08-07,BTC,0.3425959731543624,149
2023-08-14,BTC,0.17927964071856287,167
2023-08-21,BTC,0.16516577181208053,149
2023-08-28,BTC,0.33205562130177513,169
2023-09-04,BTC,0.26875855263157894,152
2023-09-11,BTC,0.29468014705882356,136
2023-09-18,BTC,0.27554814814814815,162
2023-09-25,BTC,0.3047371428571429,175
2023-10-02,BTC,0.3420294642857143,112
2023-10-09,BTC,0.22674436090225564,133
2023-10-16,BTC,0.4348194805194805,154
2023-10-23,BTC,0.4573862944162436,197
2023-10-30,BTC,0.4717927152317881,151
2023-11-06,BTC,0.37356131386861313,137
2023-11-13,BTC,0.36490700636942675,157
2023-11-20,BTC,0.44431732283464564,127
2023-11-27,BTC,0.39814213836477985,159
2023-12-04,BTC,0.40249766081871347,171
2023-12-11,BTC,0.4361973154362416,149
2023-12-18,BTC,0.4910580882352941,136
2023-12-25,BTC,0.37078757763975156,161
2024-01-01,BTC,0.4540436974789916,238
2024-01-08,BTC,0.45917620689655175,290
2024-01-15,BTC,0.3818632124352332,193
2024-01-22,BTC,0.26700685714285716,175
2024-01-29,BTC,0.423668125,160
2024-02-05,BTC,0.4311307142857143,140
2024-02-12,BTC,0.40293559322033895,177
2024-02-19,BTC,0.3378093922651934,181
2024-02-26,BTC,0.431152427184466,206
2024-03-04,BTC,0.5078644628099174,242
2024-03-11,BTC,0.37493379629629625,216
2024-03-18,BTC,0.3504564766839378,193
2024-03-25,BTC,0.43555470588235295,170
2024-04-01,BTC,0.39661616161616164,198
2024-04-08,BTC,0.36498659217877094,179
2024-04-15,BTC,0.28829655172413793,232
2024-04-22,BTC,0.24350635838150292,173
2024-04-29,BTC,0.25991973684210523,228
2024-05-06,BTC,0.3798857142857143,175
2024-05-13,BTC,0.39550096153846154,208
2024-05-20,BTC,0.5059147435897436,156
2024-05-27,BTC,0.3548116666666667,180
2024-06-03,BTC,0.4236776190476191,210
2024-06-10,BTC,0.39228206278026906,223
2024-06-17,BTC,0.33083215859030835,227
2024-06-24,BTC,0.19235021459227467,233
2024-07-01,BTC,0.20328832684824902,257
2024-07-08,BTC,0.2581869565217391,253
2024-07-15,BTC,0.4394059829059829,234
2024-07-22,BTC,0.4504773076923077,260
2024-07-29,BTC,0.27852908366533863,251
2024-08-05,BTC,0.19856035242290748,227
2024-08-12,BTC,0.3095353488372093,215
2024-08-19,BTC,0.35388823529411767,170
2024-08-26,BTC,0.24905750000000001,160
2024-09-02,BTC,0.1170778409090909,176
2024-09-09,BTC,0.27684423076923076,208
2024-09-16,BTC,0.32942485549132944,173
2024-09-23,BTC,0.42776285714285717,175
2024-09-30,BTC,0.24620409356725148,171
2024-10-07,BTC,0.2497616766467066,167
2024-10-14,BTC,0.38354539877300614,163
2024-10-21,BTC,0.315241717791411,163
2024-10-28,BTC,0.46306634146341463,205
2024-11-04,BTC,0.452504347826087,207
2024-11-11,BTC,0.46821296296296294,216
2024-11-18,BTC,0.3575706806282723,191
2024-11-25,BTC,0.45474896907216494,194
2024-12-02,BTC,0.6265497630331753,211
2024-12-09,BTC,0.5631862204724409,254
2024-12-16,BTC,0.5526443965517241,232
2024-12-23,BTC,0.6409076595744682,235
2024-12-30,BTC,0.6905895454545454,220
2025-01-06,BTC,0.5376659388646289,229
2025-01-13,BTC,0.6453290748898678,227
2025-01-20,BTC,0.6349903225806451,186
2025-01-27,BTC,0.6494004524886878,221
2025-02-03,BTC,0.48240703517587935,199
2025-02-10,BTC,0.6432544554455445,202
2025-02-17,BTC,0.6406358585858586,198
2025-02-24,BTC,0.41971203319502076,241
2025-03-03,BTC,0.5243716666666667,240
2025-03-10,BTC,0.48337739463601537,261
2025-03-17,BTC,0.5693088785046729,214
2025-03-24,BTC,0.5951589285714285,224
2025-03-31,BTC,0.5464831967213115,244
2025-04-07,BTC,0.49949520547945203,292
2025-04-14,BTC,0.5430357414448669,263
2025-04-21,BTC,0.7110892592592593,270
2025-04-28,BTC,0.5992992424242425,264
2025-05-05,BTC,0.5549366412213741,262
2025-05-12,BTC,0.5809564444444445,225
2025-05-19,BTC,0.6002681818181819,286
2025-05-26,BTC,0.6145650980392157,255
2025-06-02,BTC,0.4475349090909091,275
2025-06-09,BTC,0.5126481751824817,274
2025-06-16,BTC,0.4814857142857143,259
2025-06-23,BTC,0.6111517361111111,288
2025-06-30,BTC,0.6103355212355213,259
2025-07-07,BTC,0.6534683794466404,253
2025-07-14,BTC,0.6712050980392157,255
2025-07-21,BTC,0.8569894736842106,38
2022-12-26,DOGE,0.0,1
2023-01-02,DOGE,0.22215,6
2023-01-09,DOGE,0.3702875,8
2023-01-16,DOGE,0.25017142857142854,7
2023-01-23,DOGE,0.5592444444444444,9
2023-01-30,DOGE,0.4750357142857143,14
2023-02-06,DOGE,0.043162500000000006,8
2023-02-13,DOGE,0.49424375,16
2023-02-20,DOGE,-0.14695999999999998,5
2023-02-27,DOGE,0.25766,5
2023-03-06,DOGE,0.12403333333333331,9
2023-03-13,DOGE,0.0,2
2023-03-20,DOGE,0.6222833333333333,6
2023-03-27,DOGE,0.23485,16
2023-04-03,DOGE,0.3920125,40
2023-04-10,DOGE,0.6559999999999999,11
2023-04-17,DOGE,0.5079,12
2023-04-24,DOGE,0.28034545454545456,11
2023-05-01,DOGE,0.30897058823529416,17
2023-05-08,DOGE,0.40985625000000003,16
2023-05-15,DOGE,0.3059545454545454,11
2023-05-22,DOGE,0.4184764705882353,17
2023-05-29,DOGE,0.14644666666666667,15
2023-06-05,DOGE,0.6261666666666666,3
2023-06-12,DOGE,0.4217000000000001,5
2023-06-19,DOGE,0.41273333333333334,12
2023-06-26,DOGE,0.042969230769230767,13
2023-07-03,DOGE,0.41400000000000003,7
2023-07-10,DOGE,0.2395142857142857,7
2023-07-17,DOGE,0.63995,10
2023-07-24,DOGE,0.42896666666666666,30
2023-07-31,DOGE,0.3419857142857143,14
2023-08-07,DOGE,0.15085,8
2023-08-14,DOGE,0.14503,10
2023-08-21,DOGE,0.36955,10
2023-08-28,DOGE,0.32949999999999996,6
2023-09-04,DOGE,0.339725,8
2023-09-11,DOGE,0.6774833333333333,6
2023-09-18,DOGE,0.55667,10
2023-09-25,DOGE,0.027714285714285723,7
2023-10-02,DOGE,-0.09323333333333333,6
2023-10-09,DOGE,0.10254999999999999,6
2023-10-16,DOGE,0.21731111111111112,9
2023-10-23,DOGE,0.3467833333333333,6
2023-10-30,DOGE,0.36681428571428576,7
2023-11-06,DOGE,0.6315500000000001,10
2023-11-13,DOGE,0.4428909090909091,11
2023-11-20,DOGE,0.5422857142857143,14
2023-11-27,DOGE,0.7073166666666667,6
2023-12-04,DOGE,0.6866875,8
2023-12-11,DOGE,0.2755222222222222,9
2023-12-18,DOGE,0.4350153846153846,13
2023-12-25,DOGE,0.6164499999999999,6
2024-01-01,DOGE,0.5845909090909092,11
2024-01-08,DOGE,-0.06021666666666666,6
2024-01-15,DOGE,0.3223529411764706,17
2024-01-22,DOGE,0.3528733333333333,15
2024-01-29,DOGE,0.6382277777777777,18
2024-02-05,DOGE,0.38535714285714284,14
2024-02-12,DOGE,0.4539909090909091,11
2024-02-19,DOGE,0.6440555555555556,9
2024-02-26,DOGE,0.5707263157894736,19
2024-03-04,DOGE,0.7151133333333333,15
2024-03-11,DOGE,0.28481999999999996,15
2024-03-18,DOGE,0.5842333333333334,15
2024-03-25,DOGE,0.48358999999999996,20
2024-04-01,DOGE,0.4556,20
2024-04-08,DOGE,0.517668,25
2024-04-15,DOGE,0.5976083333333334,24
2024-04-22,DOGE,0.5802875000000001,16
2024-04-29,DOGE,0.5860264705882353,34
2024-05-06,DOGE,0.4360777777777778,36
2024-05-13,DOGE,0.5471904761904762,21
2024-05-20,DOGE,0.51478,35
2024-05-27,DOGE,0.42442592592592593,27
2024-06-03,DOGE,0.5038909090909091,33
2024-06-10,DOGE,0.5886965517241379,29
2024-06-17,DOGE,0.5030885714285714,35
2024-06-24,DOGE,0.56432,35
2024-07-01,DOGE,0.5936222222222222,27
2024-07-08,DOGE,0.6144257142857142,35
2024-07-15,DOGE,0.5900032258064516,31
2024-07-22,DOGE,0.36927272727272725,33
2024-07-29,DOGE,0.48355625,32
2024-08-05,DOGE,0.5615241379310344,29
2024-08-12,DOGE,0.5666193548387097,31
2024-08-19,DOGE,0.6502780487804878,41
2024-08-26,DOGE,0.33972702702702706,37
2024-09-02,DOGE,0.5589105263157894,38
2024-09-09,DOGE,0.562939393939394,33
2024-09-16,DOGE,0.5648619047619048,42
2024-09-23,DOGE,0.5935741935483871,31
2024-09-30,DOGE,0.4193880952380952,42
2024-10-07,DOGE,0.46692727272727275,33
2024-10-14,DOGE,0.47112682926829264,41
2024-10-21,DOGE,0.33289428571428575,35
2024-10-28,DOGE,0.5102195652173913,46
2024-11-04,DOGE,0.6230249999999999,40
2024-11-11,DOGE,0.5182431372549019,51
2024-11-18,DOGE,0.417348717948718,39
2024-11-25,DOGE,0.718952,50
2024-12-02,DOGE,0.7973446808510638,47
2024-12-09,DOGE,0.7734111111111112,36
2024-12-16,DOGE,0.8929514285714285,35
2024-12-23,DOGE,0.8913807692307691,52
2024-12-30,DOGE,0.8688981132075472,53
2025-01-06,DOGE,0.8544035087719298,57
2025-01-13,DOGE,0.9074173076923077,52
2025-01-20,DOGE,0.8622084745762711,59
2025-01-27,DOGE,0.9152340425531914,47
2025-02-03,DOGE,0.6715819999999999,50
2025-02-10,DOGE,0.8344096774193549,31
2025-02-17,DOGE,0.8132611111111111,36
2025-02-24,DOGE,0.6476424242424242,33
2025-03-03,DOGE,0.7236366666666666,30
2025-03-10,DOGE,0.5788444444444445,18
2025-03-17,DOGE,0.595155,20
2025-03-24,DOGE,0.8117909090909091,33
2025-03-31,DOGE,0.630447619047619,21
2025-04-07,DOGE,0.8653695652173914,23
2025-04-14,DOGE,0.7952611111111111,18
2025-04-21,DOGE,0.8168133333333334,15
2025-04-28,DOGE,0.6414142857142858,14
2025-05-05,DOGE,0.9300090909090909,22
2025-05-12,DOGE,0.8705633333333334,30
2025-05-19,DOGE,0.6759166666666667,12
2025-05-26,DOGE,0.6825708333333332,24
2025-06-02,DOGE,0.5065500000000001,30
2025-06-09,DOGE,0.5969125000000001,16
2025-06-16,DOGE,0.6928352941176471,17
2025-06-23,DOGE,0.8273944444444444,18
2025-06-30,DOGE,0.7181619047619048,21
2025-07-07,DOGE,0.7481391304347826,23
2025-07-14,DOGE,0.93474375,16
2025-07-21,DOGE,0.9815166666666667,6
2022-12-26,DOT,0.0,2
2023-01-02,DOT,0.30351999999999996,5
2023-01-09,DOT,0.0,2
2023-01-16,DOT,0.5649571428571428,7
2023-01-23,DOT,0.37733333333333335,3
2023-01-30,DOT,0.20316,5
2023-02-06,DOT,0.0,2
2023-02-13,DOT,0.0,2
2023-02-20,DOT,0.181875,4
2023-02-27,DOT,0.07358333333333332,6
2023-03-06,DOT,0.3844666666666667,3
2023-03-13,DOT,0.0,1
2023-03-20,DOT,0.23283333333333336,3
2023-03-27,DOT,0.7847285714285714,7
2023-04-03,DOT,0.0,2
2023-04-10,DOT,0.19060000000000002,5
2023-04-17,DOT,0.31024999999999997,6
2023-04-24,DOT,0.42524999999999996,4
2023-05-01,DOT,0.31557500000000005,8
2023-05-08,DOT,0.27241666666666664,6
2023-05-15,DOT,0.7474666666666666,3
2023-05-22,DOT,0.6933,7
2023-05-29,DOT,0.5859166666666666,6
2023-06-05,DOT,0.717275,4
2023-06-12,DOT,0.21134,5
2023-06-19,DOT,0.5243333333333333,3
2023-06-26,DOT,0.6136333333333334,3
2023-07-03,DOT,0.057433333333333336,3
2023-07-10,DOT,0.08402499999999999,4
2023-07-17,DOT,0.0,2
2023-07-24,DOT,0.584425,4
2023-07-31,DOT,0.0,2
2023-08-07,DOT,0.0,1
2023-08-14,DOT,0.0,1
2023-08-21,DOT,0.78905,4
2023-08-28,DOT,0.0,2
2023-09-04,DOT,0.0,1
2023-09-11,DOT,-0.18190000000000003,3
2023-09-18,DOT,0.0,2
2023-09-25,DOT,0.0,1
2023-10-02,DOT,0.0,2
2023-10-09,DOT,0.0,2
2023-10-16,DOT,0.11839999999999999,6
2023-10-23,DOT,-0.22616666666666663,3
2023-10-30,DOT,0.0,2
2023-11-20,DOT,0.0,1
2023-11-27,DOT,0.787275,4
2023-12-04,DOT,0.4651666666666667,3
2023-12-11,DOT,0.0,2
2023-12-18,DOT,0.0,2
2023-12-25,DOT,0.7195666666666667,3
2024-01-08,DOT,0.0,2
2024-01-15,DOT,0.0,2
2024-01-22,DOT,0.0,1
2024-01-29,DOT,-0.11979999999999999,4
2024-02-05,DOT,0.20982000000000003,5
2024-02-12,DOT,0.0,2
2024-02-19,DOT,0.0,2
2024-02-26,DOT,0.0,2
2024-03-04,DOT,0.0,1
2024-03-18,DOT,0.74215,6
2024-03-25,DOT,0.0,2
2024-04-01,DOT,0.33049999999999996,3
2024-04-08,DOT,0.5447,4
2024-04-15,DOT,0.6325500000000001,6
2024-04-22,DOT,0.7538571428571429,7
2024-04-29,DOT,0.3441875,8
2024-05-06,DOT,0.3669857142857143,7
2024-05-13,DOT,0.6713666666666667,3
2024-05-20,DOT,0.5393333333333333,3
2024-05-27,DOT,0.0,2
2024-06-03,DOT,0.0047571428571428565,7
2024-06-10,DOT,0.0,2
2024-06-17,DOT,0.0,2
2024-06-24,DOT,0.0,1
2024-07-01,DOT,0.050574999999999995,8
2024-07-08,DOT,0.5820000000000001,9
2024-07-15,DOT,0.0,1
2024-07-29,DOT,0.0,2
2024-08-05,DOT,0.0,2
2024-08-12,DOT,0.0,1
2024-08-19,DOT,0.5053,3
2024-08-26,DOT,0.6441,3
2024-09-02,DOT,0.27276666666666666,3
2024-09-09,DOT,0.28806666666666664,3
2024-09-16,DOT,0.22308,5
2024-09-23,DOT,0.0,2
2024-09-30,DOT,0.3634,3
2024-10-07,DOT,0.0,1
2024-10-14,DOT,0.41991666666666666,6
2024-10-21,DOT,0.0,1
2024-10-28,DOT,0.0,2
2024-11-04,DOT,0.5639000000000001,5
2024-11-11,DOT,-0.00520000000000002,3
2024-11-18,DOT,0.8720666666666667,3
2024-11-25,DOT,0.7244999999999999,3
2024-12-02,DOT,0.99932,5
2024-12-09,DOT,0.0,2
2024-12-16,DOT,0.9871666666666666,3
2024-12-23,DOT,0.0,1
2024-12-30,DOT,0.79928,5
2025-01-06,DOT,0.99824,5
2025-01-13,DOT,0.0,2
2025-01-20,DOT,0.9937666666666667,6
2025-01-27,DOT,0.9885666666666667,3
2025-02-03,DOT,0.0,1
2025-02-10,DOT,0.0,1
2025-02-17,DOT,0.53914,5
2025-02-24,DOT,0.93955,8
2025-03-03,DOT,0.9981333333333332,3
2025-03-10,DOT,0.0,2
2025-03-17,DOT,0.9933000000000001,3
2025-03-24,DOT,0.0,1
2025-03-31,DOT,0.8661,4
2025-04-14,DOT,0.0,1
2025-04-21,DOT,0.8056333333333333,3
2025-04-28,DOT,0.0,2
2025-05-19,DOT,0.0,2
2025-06-02,DOT,0.0,1
2025-06-09,DOT,0.0,1
2025-06-16,DOT,0.0,1
2025-06-23,DOT,0.99705,4
2025-06-30,DOT,0.0,2
2025-07-14,DOT,0.0,1
2022-12-26,ETH,0.0,2
2023-01-02,ETH,0.47646206896551724,29
2023-01-09,ETH,0.5521428571428572,28
2023-01-16,ETH,0.4158472222222222,36
2023-01-23,ETH,0.48001818181818184,33
2023-01-30,ETH,0.45157857142857144,28
2023-02-06,ETH,0.33091162790697676,43
2023-02-13,ETH,0.37860454545454547,44
2023-02-20,ETH,0.17842222222222223,45
2023-02-27,ETH,0.34740263157894735,38
2023-03-06,ETH,0.22234666666666666,30
2023-03-13,ETH,0.30435999999999996,35
2023-03-20,ETH,0.43608125,32
2023-03-27,ETH,0.320312,25
2023-04-03,ETH,0.3658085714285714,35
2023-04-10,ETH,0.26859310344827586,58
2023-04-17,ETH,0.5009825,40
2023-04-24,ETH,0.414590625,32
2023-05-01,ETH,0.46003181818181815,22
2023-05-08,ETH,0.3975733333333333,30
2023-05-15,ETH,0.39834827586206895,29
2023-05-22,ETH,0.40849090909090907,33
2023-05-29,ETH,0.3877333333333334,42
2023-06-05,ETH,0.5390400000000001,25
2023-06-12,ETH,0.4506648648648648,37
2023-06-19,ETH,0.48348,35
2023-06-26,ETH,0.48901000000000006,40
2023-07-03,ETH,0.42576969696969696,33
2023-07-10,ETH,0.2668392857142857,28
2023-07-17,ETH,0.4540272727272727,44
2023-07-24,ETH,0.6333962962962963,27
2023-07-31,ETH,0.3761735294117647,34
2023-08-07,ETH,0.19365666666666667,30
2023-08-14,ETH,0.29828684210526313,38
2023-08-21,ETH,0.2839625,48
2023-08-28,ETH,0.38877435897435897,39
2023-09-04,ETH,0.2849277777777778,36
2023-09-11,ETH,0.12618,35
2023-09-18,ETH,0.3271875,40
2023-09-25,ETH,0.3914339622641509,53
2023-10-02,ETH,0.29509375,48
2023-10-09,ETH,0.1598911764705882,34
2023-10-16,ETH,0.314672,25
2023-10-23,ETH,0.38004347826086954,23
2023-10-30,ETH,0.5644551724137931,29
2023-11-06,ETH,0.4354435897435897,39
2023-11-13,ETH,0.19000810810810811,37
2023-11-20,ETH,0.4392619047619048,21
2023-11-27,ETH,0.5320791666666667,24
2023-12-04,ETH,0.4549794117647059,34
2023-12-11,ETH,0.46417142857142857,42
2023-12-18,ETH,0.3730131578947368,38
2023-12-25,ETH,0.30932195121951217,41
2024-01-01,ETH,0.14401153846153847,26
2024-01-08,ETH,0.6723458333333333,24
2024-01-15,ETH,0.44892333333333334,30
2024-01-22,ETH,0.4590019230769231,52
2024-01-29,ETH,0.5748096774193548,31
2024-02-05,ETH,0.6115548387096774,31
2024-02-12,ETH,0.5354823529411764,51
2024-02-19,ETH,0.43626909090909094,55
2024-02-26,ETH,0.40296785714285716,28
2024-03-04,ETH,0.314021875,32
2024-03-11,ETH,0.38036363636363635,33
2024-03-18,ETH,0.3904701754385965,57
2024-03-25,ETH,0.4908518518518519,27
2024-04-01,ETH,0.428596,50
2024-04-08,ETH,0.25676136363636365,44
2024-04-15,ETH,0.3986395833333333,48
2024-04-22,ETH,0.44541764705882353,51
2024-04-29,ETH,0.28007714285714286,35
2024-05-06,ETH,0.2965191489361702,47
2024-05-13,ETH,0.3501422222222222,45
2024-05-20,ETH,0.5294261682242991,107
2024-05-27,ETH,0.4876196428571428,56
2024-06-03,ETH,0.42346944444444445,36
2024-06-10,ETH,0.5301181818181818,55
2024-06-17,ETH,0.4923925373134328,67
2024-06-24,ETH,0.4131547169811321,53
2024-07-01,ETH,0.470401724137931,58
2024-07-08,ETH,0.24413421052631581,38
2024-07-15,ETH,0.4046758620689655,58
2024-07-22,ETH,0.37231764705882353,68
2024-07-29,ETH,0.3814811320754717,53
2024-08-05,ETH,0.2124551020408163,49
2024-08-12,ETH,0.1380478260869565,46
2024-08-19,ETH,0.3582954545454546,44
2024-08-26,ETH,0.23037540983606558,61
2024-09-02,ETH,0.10072790697674418,43
2024-09-09,ETH,0.11501086956521739,46
2024-09-16,ETH,0.09044259259259259,54
2024-09-23,ETH,0.31425555555555557,45
2024-09-30,ETH,0.3453549019607843,51
2024-10-07,ETH,0.365425641025641,39
2024-10-14,ETH,0.38978684210526315,38
2024-10-21,ETH,0.2573034482758621,29
2024-10-28,ETH,0.37206969696969694,33
2024-11-04,ETH,0.3806114285714286,35
2024-11-11,ETH,0.515639393939394,33
2024-11-18,ETH,0.4753322580645161,31
2024-11-25,ETH,0.6251666666666666,36
2024-12-02,ETH,0.6098024390243902,41
2024-12-09,ETH,0.795613953488372,43
2024-12-16,ETH,0.7364827586206897,58
2024-12-23,ETH,0.7815380000000001,50
2024-12-30,ETH,0.6412142857142857,49
2025-01-06,ETH,0.9418153846153847,52
2025-01-13,ETH,0.6637686274509804,51
2025-01-20,ETH,0.7147730769230769,52
2025-01-27,ETH,0.5929047619047619,42
2025-02-03,ETH,0.6931606060606061,66
2025-02-10,ETH,0.687625,60
2025-02-17,ETH,0.530675294117647,85
2025-02-24,ETH,0.5144661016949152,59
2025-03-03,ETH,0.6285999999999999,42
2025-03-10,ETH,0.5536126984126984,63
2025-03-17,ETH,0.7090848484848484,66
2025-03-24,ETH,0.6112452380952381,42
2025-03-31,ETH,0.5531555555555555,45
2025-04-07,ETH,0.6101379310344828,58
2025-04-14,ETH,0.7072857142857144,56
2025-04-21,ETH,0.6754509803921569,51
2025-04-28,ETH,0.6225269841269842,63
2025-05-05,ETH,0.756268085106383,47
2025-05-12,ETH,0.6273181818181818,55
2025-05-19,ETH,0.6395808510638298,47
2025-05-26,ETH,0.6477693548387097,62
2025-06-02,ETH,0.5513803921568627,51
2025-06-09,ETH,0.6046354838709678,62
2025-06-16,ETH,0.6733672727272728,55
2025-06-23,ETH,0.6232072727272727,55
2025-06-30,ETH,0.6965622950819672,61
2025-07-07,ETH,0.6471,57
2025-07-14,ETH,0.7332567901234568,81
2025-07-21,ETH,0.8662176470588235,17
2023-01-02,SOL,0.2730888888888889,9
2023-01-09,SOL,0.5609000000000001,3
2023-01-16,SOL,0.022074999999999984,4
2023-01-23,SOL,0.13235714285714284,7
2023-01-30,SOL,0.3428,4
2023-02-06,SOL,0.06726666666666668,3
2023-02-20,SOL,0.0,1
2023-02-27,SOL,0.0,2
2023-03-06,SOL,0.4282333333333333,3
2023-03-13,SOL,0.7872,3
2023-03-20,SOL,0.0,1
2023-03-27,SOL,-0.05286666666666665,3
2023-04-03,SOL,0.0,2
2023-04-10,SOL,0.28900000000000003,5
2023-04-17,SOL,0.2932333333333333,6
2023-04-24,SOL,0.35086666666666666,3
2023-05-01,SOL,-0.13133333333333333,3
2023-05-22,SOL,0.0,1
2023-06-05,SOL,0.5457,6
2023-06-26,SOL,0.0,1
2023-07-03,SOL,0.9196666666666666,3
2023-07-10,SOL,0.601325,4
2023-07-17,SOL,-0.19860000000000003,3
2023-07-24,SOL,0.6855666666666665,3
2023-08-07,SOL,0.22696666666666668,3
2023-08-14,SOL,0.0,1
2023-08-21,SOL,0.2634,4
2023-08-28,SOL,0.0,2
2023-09-04,SOL,0.6559,3
2023-09-11,SOL,0.25456666666666666,6
2023-09-18,SOL,0.0,2
2023-09-25,SOL,0.0,1
2023-10-02,SOL,0.4671,6
2023-10-09,SOL,0.6869666666666667,3
2023-10-16,SOL,0.0,2
2023-10-23,SOL,0.04952500000000001,4
2023-10-30,SOL,0.7902666666666667,6
2023-11-06,SOL,0.252075,4
2023-11-13,SOL,0.19209999999999997,7
2023-11-20,SOL,0.568,5
2023-11-27,SOL,0.3395333333333334,3
2023-12-04,SOL,0.3894714285714286,7
2023-12-11,SOL,0.845275,4
2023-12-18,SOL,0.5715,4
2023-12-25,SOL,0.23123999999999997,5
2024-01-01,SOL,0.35073999999999994,5
2024-01-08,SOL,0.45585714285714285,7
2024-01-15,SOL,0.0,1
2024-01-22,SOL,0.6070666666666668,3
2024-01-29,SOL,0.5276818181818181,11
2024-02-05,SOL,0.2615,4
2024-02-12,SOL,0.6389142857142858,7
2024-02-19,SOL,0.13963333333333333,3
2024-02-26,SOL,0.36346666666666666,3
2024-03-04,SOL,0.12953333333333333,3
2024-03-11,SOL,0.35078571428571426,7
2024-03-18,SOL,0.017920000000000002,10
2024-03-25,SOL,0.15261666666666665,6
2024-04-01,SOL,0.2897571428571429,7
2024-04-08,SOL,0.5716142857142856,7
2024-04-15,SOL,0.0,1
2024-04-22,SOL,0.07931428571428571,7
2024-04-29,SOL,-0.1072,3
2024-05-06,SOL,0.340275,4
2024-05-13,SOL,0.09836999999999999,10
2024-05-20,SOL,0.23541999999999996,5
2024-05-27,SOL,0.18574999999999997,4
2024-06-03,SOL,0.15036666666666668,3
2024-06-10,SOL,0.09675000000000002,8
2024-06-17,SOL,0.0,2
2024-06-24,SOL,0.27588,5
2024-07-01,SOL,0.0,2
2024-07-08,SOL,0.46404999999999996,4
2024-07-15,SOL,0.8173666666666666,6
2024-07-22,SOL,0.5884333333333333,3
2024-07-29,SOL,0.0,2
2024-08-05,SOL,0.08429999999999999,6
2024-08-12,SOL,0.0,1
2024-08-19,SOL,-0.17059000000000002,10
2024-08-26,SOL,-0.021475000000000005,4
2024-09-02,SOL,0.21533333333333335,3
2024-09-09,SOL,0.53928,5
2024-09-16,SOL,0.608025,4
2024-09-23,SOL,0.19897142857142858,7
2024-09-30,SOL,0.27845,4
2024-10-07,SOL,0.28049999999999997,4
2024-10-14,SOL,0.43134285714285714,7
2024-10-21,SOL,0.44215,4
2024-10-28,SOL,0.047183333333333355,6
2024-11-04,SOL,0.49675,4
2024-11-11,SOL,0.5250333333333334,3
2024-11-18,SOL,0.5641375,8
2024-11-25,SOL,-0.18335,6
2024-12-02,SOL,0.20438571428571425,7
2024-12-09,SOL,0.3903,5
2024-12-16,SOL,0.98015,4
2024-12-23,SOL,0.510575,4
2024-12-30,SOL,0.5265333333333334,18
2025-01-06,SOL,0.80801,10
2025-01-13,SOL,0.8375,11
2025-01-20,SOL,0.5827,10
2025-01-27,SOL,0.8344,9
2025-02-03,SOL,0.8871692307692308,13
2025-02-10,SOL,0.7871199999999999,15
2025-02-17,SOL,0.5643555555555556,18
2025-02-24,SOL,0.55263125,16
2025-03-03,SOL,0.70555,12
2025-03-10,SOL,0.6629111111111111,9
2025-03-17,SOL,0.6294333333333334,9
2025-03-24,SOL,0.7466857142857143,7
2025-03-31,SOL,0.6233857142857142,7
2025-04-07,SOL,0.807175,4
2025-04-14,SOL,0.9188599999999999,5
2025-04-21,SOL,0.5096222222222222,9
2025-04-28,SOL,0.6165866666666666,15
2025-05-05,SOL,0.728209090909091,11
2025-05-12,SOL,0.8818,14
2025-05-19,SOL,0.7716083333333333,12
2025-05-26,SOL,0.5766666666666667,9
2025-06-02,SOL,0.60205,4
2025-06-09,SOL,0.5624555555555556,9
2025-06-16,SOL,0.7458400000000001,5
2025-06-23,SOL,0.7261571428571428,7
2025-06-30,SOL,0.6498363636363637,11
2025-07-07,SOL,0.8404833333333332,6
2025-07-14,SOL,0.8699250000000001,4
2023-01-02,TRX,0.1635,3
2023-01-09,TRX,0.6732400000000001,5
2023-01-16,TRX,0.0,2
2023-01-23,TRX,0.20920000000000002,3
2023-01-30,TRX,0.6416,4
2023-02-06,TRX,0.12058333333333333,6
2023-02-13,TRX,0.0,1
2023-02-20,TRX,0.703975,4
2023-02-27,TRX,0.0,1
2023-03-06,TRX,0.28556,5
2023-03-13,TRX,0.0,2
2023-03-20,TRX,0.18047999999999997,5
2023-03-27,TRX,-0.1110142857142857,7
2023-04-03,TRX,0.0,2
2023-04-10,TRX,0.12114,5
2023-04-17,TRX,0.5069,5
2023-04-24,TRX,0.0,1
2023-05-01,TRX,0.32298,5
2023-05-08,TRX,0.33421249999999997,8
2023-05-15,TRX,0.0,1
2023-05-22,TRX,0.5979666666666666,3
2023-05-29,TRX,0.4961166666666667,6
2023-06-05,TRX,0.6116333333333334,3
2023-06-12,TRX,0.0,2
2023-06-19,TRX,0.0,1
2023-06-26,TRX,0.0,1
2023-07-03,TRX,0.840975,4
2023-07-10,TRX,0.32405,4
2023-07-17,TRX,0.0,1
2023-07-24,TRX,0.35979999999999995,7
2023-07-31,TRX,-0.07495714285714285,7
2023-08-07,TRX,0.4737,4
2023-08-14,TRX,0.25099999999999995,3
2023-08-21,TRX,0.40874999999999995,4
2023-08-28,TRX,0.0,1
2023-09-04,TRX,0.5314666666666666,3
2023-09-11,TRX,0.0017833333333333405,6
2023-09-18,TRX,0.34175,4
2023-09-25,TRX,0.0,1
2023-10-02,TRX,0.12876666666666667,3
2023-10-09,TRX,0.0,2
2023-10-16,TRX,0.0,1
2023-10-23,TRX,0.0,1
2023-10-30,TRX,0.0,2
2023-11-06,TRX,0.4679,4
2023-11-13,TRX,0.0,1
2023-11-20,TRX,0.0,1
2023-11-27,TRX,0.0,1
2023-12-04,TRX,0.2624,3
2023-12-18,TRX,0.0,2
2023-12-25,TRX,0.0,1
2024-01-01,TRX,0.6395666666666666,3
2024-01-08,TRX,0.0,2
2024-01-15,TRX,0.0,1
2024-01-22,TRX,0.0,2
2024-01-29,TRX,0.0,1
2024-02-05,TRX,0.4777571428571429,7
2024-02-12,TRX,0.0,1
2024-02-19,TRX,0.6813,8
2024-02-26,TRX,0.0,1
2024-03-04,TRX,0.0,2
2024-03-11,TRX,0.5495428571428571,7
2024-03-18,TRX,0.9131,4
2024-03-25,TRX,0.3133833333333333,6
2024-04-01,TRX,0.30329999999999996,3
2024-04-08,TRX,0.0,2
2024-04-15,TRX,0.1386,4
2024-04-29,TRX,0.0,2
2024-05-13,TRX,0.0,1
2024-05-20,TRX,0.0,1
2024-06-10,TRX,0.0,2
2024-06-17,TRX,0.0,1
2024-06-24,TRX,0.6143666666666666,3
2024-07-01,TRX,0.6511166666666667,6
2024-07-08,TRX,0.6265999999999999,3
2024-07-15,TRX,0.0,2
2024-07-22,TRX,0.07849999999999997,3
2024-07-29,TRX,0.0,1
2024-08-05,TRX,0.349425,4
2024-08-12,TRX,0.77418,5
2024-08-19,TRX,0.1423142857142857,14
2024-08-26,TRX,0.6886666666666666,3
2024-09-02,TRX,0.35173333333333334,9
2024-09-09,TRX,0.25892857142857145,7
2024-09-16,TRX,0.4982333333333333,6
2024-09-23,TRX,0.6349750000000001,4
2024-09-30,TRX,0.2854,3
2024-10-07,TRX,0.48930000000000007,4
2024-10-14,TRX,0.6000749999999999,4
2024-10-21,TRX,0.7711,3
2024-10-28,TRX,0.0,2
2024-11-04,TRX,0.24182,5
2024-11-11,TRX,0.0,2
2024-11-18,TRX,0.50625,4
2024-11-25,TRX,0.783175,8
2024-12-02,TRX,0.5924714285714285,7
2024-12-09,TRX,0.6316857142857143,7
2024-12-16,TRX,0.0,1
2024-12-23,TRX,0.418625,4
2024-12-30,TRX,0.2149142857142857,7
2025-01-06,TRX,0.9964,6
2025-01-13,TRX,0.60465,4
2025-01-20,TRX,0.9432333333333333,6
2025-01-27,TRX,0.33068333333333333,6
2025-02-03,TRX,0.76785,4
2025-02-10,TRX,0.0,2
2025-02-17,TRX,0.0,1
2025-02-24,TRX,0.9931333333333333,3
2025-03-03,TRX,0.0,1
2025-03-10,TRX,0.9837000000000001,3
2025-03-17,TRX,0.49279999999999996,3
2025-03-24,TRX,0.0,2
2025-03-31,TRX,-0.26198333333333335,6
2025-04-07,TRX,0.8092,4
2025-04-21,TRX,0.0,2
2025-04-28,TRX,0.490975,4
2025-05-05,TRX,0.999,4
2025-05-12,TRX,0.9601666666666667,3
2025-05-19,TRX,0.27036000000000004,10
2025-05-26,TRX,0.878,6
2025-06-02,TRX,0.38432000000000005,5
2025-06-09,TRX,0.9337875,8
2025-06-16,TRX,0.6468499999999999,14
2025-06-23,TRX,0.0,2
2025-06-30,TRX,0.4999,4
2025-07-07,TRX,0.84465,6
2025-07-14,TRX,0.6426,3
2022-12-26,XRP,0.0,2
2023-01-02,XRP,0.21728636363636367,22
2023-01-09,XRP,0.27939565217391304,23
2023-01-16,XRP,0.3448052631578948,19
2023-01-23,XRP,0.43433750000000004,24
2023-01-30,XRP,0.3498884615384616,26
2023-02-06,XRP,0.18909411764705883,17
2023-02-13,XRP,0.21808000000000002,15
2023-02-20,XRP,0.29025238095238093,21
2023-02-27,XRP,0.26567391304347826,23
2023-03-06,XRP,-0.1588375,24
2023-03-13,XRP,0.2759111111111111,18
2023-03-20,XRP,0.5205227272727272,22
2023-03-27,XRP,0.3374379310344828,29
2023-04-03,XRP,0.27714285714285714,21
2023-04-10,XRP,0.42105263157894735,19
2023-04-17,XRP,0.4488631578947368,19
2023-04-24,XRP,0.3877848484848485,33
2023-05-01,XRP,0.321330303030303,33
2023-05-08,XRP,0.05782941176470588,34
2023-05-15,XRP,0.42176400000000003,50
2023-05-22,XRP,0.33022333333333337,30
2023-05-29,XRP,0.4310787234042553,47
2023-06-05,XRP,0.37486969696969696,33
2023-06-12,XRP,0.3384577777777778,45
2023-06-19,XRP,0.155115625,32
2023-06-26,XRP,0.29562826086956523,46
2023-07-03,XRP,0.41302820512820515,39
2023-07-10,XRP,0.39347441860465115,86
2023-07-17,XRP,0.41848148148148145,81
2023-07-24,XRP,0.4298092307692308,65
2023-07-31,XRP,0.34236101694915255,59
2023-08-07,XRP,0.3341177419354839,62
2023-08-14,XRP,0.5052,63
2023-08-21,XRP,0.4019510204081632,49
2023-08-28,XRP,0.42646521739130433,46
2023-09-04,XRP,0.3931196428571429,56
2023-09-11,XRP,0.2476390625,64
2023-09-18,XRP,0.32873,40
2023-09-25,XRP,0.5014451612903226,31
2023-10-02,XRP,0.2419,61
2023-10-09,XRP,0.19424117647058825,34
2023-10-16,XRP,0.20676545454545453,55
2023-10-23,XRP,0.30729999999999996,42
2023-10-30,XRP,0.28868,55
2023-11-06,XRP,0.23449545454545453,44
2023-11-13,XRP,0.04807894736842105,38
2023-11-20,XRP,0.35345750000000004,40
2023-11-27,XRP,0.3270387096774193,31
2023-12-04,XRP,0.39696,25
2023-12-11,XRP,0.41329677419354843,31
2023-12-18,XRP,0.3980232558139534,43
2023-12-25,XRP,0.3719266666666667,30
2024-01-01,XRP,0.21854285714285712,21
2024-01-08,XRP,0.42204210526315794,38
2024-01-15,XRP,0.23396666666666668,39
2024-01-22,XRP,0.24032051282051284,39
2024-01-29,XRP,0.4314578947368421,38
2024-02-05,XRP,0.3807560975609756,41
2024-02-12,XRP,0.40739600000000004,25
2024-02-19,XRP,0.13478888888888887,27
2024-02-26,XRP,0.39983529411764707,17
2024-03-04,XRP,0.5421454545454546,11
2024-03-11,XRP,0.2823,20
2024-03-18,XRP,0.29124285714285714,21
2024-03-25,XRP,0.2165,32
2024-04-01,XRP,0.3644416666666667,12
2024-04-08,XRP,0.1978185185185185,27
2024-04-15,XRP,0.22744761904761904,21
2024-04-22,XRP,0.0639625,24
2024-04-29,XRP,0.03731538461538461,26
2024-05-06,XRP,0.21712352941176472,34
2024-05-13,XRP,0.20447586206896554,29
2024-05-20,XRP,-0.023085000000000005,20
2024-05-27,XRP,0.185084375,32
2024-06-03,XRP,0.3123666666666667,36
2024-06-10,XRP,0.29503023255813954,43
2024-06-17,XRP,0.3294648648648648,37
2024-06-24,XRP,0.2959060606060606,33
2024-07-01,XRP,0.42345499999999997,20
2024-07-08,XRP,0.38078780487804875,41
2024-07-15,XRP,0.32722162162162166,37
2024-07-22,XRP,0.42399310344827584,29
2024-07-29,XRP,0.3232666666666667,45
2024-08-05,XRP,0.2031090909090909,55
2024-08-12,XRP,0.2631095238095238,21
2024-08-19,XRP,0.2822375,16
2024-08-26,XRP,0.35245476190476194,42
2024-09-02,XRP,0.422997619047619,42
2024-09-09,XRP,0.33395106382978723,47
2024-09-16,XRP,0.2998733333333333,45
2024-09-23,XRP,0.28832439024390244,41
2024-09-30,XRP,0.2404952380952381,63
2024-10-07,XRP,0.1642709090909091,55
2024-10-14,XRP,0.3329762711864407,59
2024-10-21,XRP,0.3234320754716981,53
2024-10-28,XRP,0.24244000000000002,30
2024-11-04,XRP,0.526164,25
2024-11-11,XRP,0.455646511627907,43
2024-11-18,XRP,0.4924742857142857,35
2024-11-25,XRP,0.5352214285714285,42
2024-12-02,XRP,0.5912803278688524,61
2024-12-09,XRP,0.6375030303030303,33
2024-12-16,XRP,0.459105,40
2024-12-23,XRP,0.63390625,32
2024-12-30,XRP,0.7489944444444444,36
2025-01-06,XRP,0.4317146341463414,41
2025-01-13,XRP,0.5322333333333333,48
2025-01-20,XRP,0.6222263157894737,19
2025-01-27,XRP,0.7546180327868852,61
2025-02-03,XRP,0.6665108108108109,37
2025-02-10,XRP,0.7580564102564102,39
2025-02-17,XRP,0.603859375,32
2025-02-24,XRP,0.6516055555555555,36
2025-03-03,XRP,0.5745888888888889,36
2025-03-10,XRP,0.8189028571428572,35
2025-03-17,XRP,0.5071604651162791,43
2025-03-24,XRP,0.5581020833333333,48
2025-03-31,XRP,0.6355210526315789,57
2025-04-07,XRP,0.572801724137931,58
2025-04-14,XRP,0.7056125,64
2025-04-21,XRP,0.6224153846153846,52
2025-04-28,XRP,0.7417714285714285,35
2025-05-05,XRP,0.6655457627118645,59
2025-05-12,XRP,0.7212705882352941,51
2025-05-19,XRP,0.6616511627906977,43
2025-05-26,XRP,0.6017673469387755,49
2025-06-02,XRP,0.6777342105263159,38
2025-06-09,XRP,0.6340416666666667,72
2025-06-16,XRP,0.6011807692307692,52
2025-06-23,XRP,0.4180257142857143,70
2025-06-30,XRP,0.5725813559322034,59
2025-07-07,XRP,0.5917035714285713,56
2025-07-14,XRP,0.7405536585365854,41
2025-07-21,XRP,0.7404499999999999,10
