date,ADA,AVAX,BNB,BTC,DOGE,DOT,ETH,SOL,TRX,XRP
2020-02-05,,,,,,,,,,
2020-02-12,0.1532489451476795,,0.37487019730010385,0.07662863551899712,0.16839677047289503,,0.3045227116648679,,0.15703275529865124,0.09791216702663785
2020-02-19,-0.1584955363676277,,-0.15521148036253773,-0.07204339418608363,-0.13655807831523525,,-0.026885763706099075,,-0.1569525395503747,-0.09901639344262292
2020-02-26,-0.14295652173913054,,-0.1618238712561466,-0.08424221785527208,-0.08993902439024393,,-0.1345492484253643,,-0.1846913580246914,-0.16666666666666663
2020-03-04,-0.008319805194805241,,0.06666666666666665,-0.002242565531358265,0.06867671691792299,,0.0040183953208019485,,0.08116293155663246,0.024890829694323102
2020-03-11,-0.1866175567833026,,-0.17049999999999998,-0.0944199649409948,-0.10266457680250785,,-0.13363276559790105,,-0.161904761904762,-0.11333617383894323
2020-03-18,-0.34188679245283027,,-0.37130801687763715,-0.3187143187973861,-0.21135371179039297,,-0.3912329329637614,,-0.3168449197860962,-0.2888034598750602
2020-03-25,0.1272935779816513,,0.18312559923298188,0.2366775908635781,0.10022148394241404,,0.14865092748735242,,0.11252446183953024,0.09527027027027035
2020-04-01,0.04883011190233977,,0.03646677471636939,-0.004568126784191051,-0.04277805737292406,,-0.0011744843279747341,,0.02462620932277937,0.08266502159161004
2020-04-08,0.1807306821855803,,0.18217357310398752,0.10560910494730336,0.0630914826498421,,0.2729477474829134,,0.1785407725321888,0.15270655270655276
2020-04-15,-0.12787513691128127,,-0.0357142857142857,-0.10014835687633439,-0.021266073194856627,,-0.11702557589053753,,-0.10924981791697008,-0.10776075135936736
2020-04-22,0.15102040816326512,,0.08093278463648823,0.07630544502333492,0.029813036887316846,,0.1966784359879692,0.08759009714822952,0.06214227309893716,0.042659279778393344
2020-04-29,0.40616475722858714,,0.10406091370558368,0.23117802621012662,0.1918547595682043,,0.1779040542017265,0.07621380204581474,0.24634334103156275,0.20510095642933046
2020-05-06,-0.048108632395732265,,-0.05862068965517242,0.04191709467089222,0.033758748456154786,,-0.07653771221820205,-0.1724230254350737,-0.03891290920321189,-0.0656966490299824
2020-05-13,0.05318932137762378,,-0.01037851037851023,0.017943451470523897,0.0015929908403025106,,0.003918022905364582,-0.10465868650922028,-0.03534704370179942,-0.04719207173194906
2020-05-20,0.10139318885448922,,0.04133251079580491,0.02060759178486804,0.0051689860834989165,,0.05008505954167908,0.05022583559168936,-0.0006662225183211579,-0.0014858841010401136
2020-05-27,-0.03232607167955026,,-0.024881516587677566,-0.032055481652461526,-0.005142405063291111,,-0.007480821460904341,0.016514708412179502,-0.020000000000000018,-0.01736111111111116
2020-06-03,0.5502904865649962,,0.06804374240583222,0.0501313470843987,0.0230616302186879,,0.17450792126740278,-0.005246234557454765,0.14693877551020407,0.029782937910146412
2020-06-10,-0.02096264199554987,,-0.00796359499431154,0.02335801764110723,-0.006995724834823247,,0.01373390557939902,0.09390949302483853,0.042704626334519435,-0.005392156862745079
2020-06-17,-0.003827751196172069,,-0.061926605504587284,-0.04374413658126308,-0.03091976516634054,,-0.057538002499899155,-0.09129082426127522,-0.07622298065984057,-0.04829965500246425
2020-06-24,-0.010326609029779221,,-0.02261613691931541,-0.01756926905539924,-0.021405492730210085,,0.003508171472576427,0.2577443094300871,-0.017857142857143016,-0.05023303987571204
2020-07-01,0.18466391652511538,,-0.01000625390869292,-0.00581624329867636,-0.028889806025587994,,-0.014921555252387475,0.13280718465097285,0.056426332288401326,-0.03762268266085067
2020-07-08,0.33346988938959443,,0.09033480732785848,0.02168117598542696,1.0178495537611556,,0.06907296806024421,-0.046366366366366374,0.06350148367952513,0.16487252124645901
2020-07-15,0.0023041474654377225,,0.01969872537659323,-0.02605941181456073,-0.3485678180286437,,-0.03461258197716788,0.6135533442499053,-0.020647321428571397,-0.04134241245136194
2020-07-22,-0.04750957854406135,,0.02954545454545454,0.03742105595210399,0.06433882961526027,,0.1078123034343943,-0.18345042935206857,0.022222222222222365,0.03450025367833587
2020-07-29,0.12630732099758668,,0.09823399558498891,0.16512114615968576,-0.023086269744835852,,0.20425467484291016,0.5822179732313575,0.07023411371237431,0.19421284943599804
2020-08-05,0.01928571428571413,,0.1703517587939698,0.05759608496729651,0.08955223880597019,,0.26038850820393544,0.05679758308157101,0.05729166666666674,0.2431211498973307
2020-08-12,-0.041345480028030734,,-0.07599828252468865,-0.015474746959041052,-0.009703196347031984,,-0.03439074268043296,1.1200686106346485,-0.002955665024630405,-0.0670630987776678
2020-08-19,-0.05190058479532156,,0.039962825278810454,0.016437068017033374,-0.02103746397694528,,0.05335881608512616,-0.20981661272923413,0.300889328063241,0.02655807365439089
2020-08-26,-0.1179645335389361,,-0.007149240393208189,-0.024954997164205017,-0.03444215484250812,,-0.05352458011523853,0.21160409556313975,-0.0991264717052791,-0.04622283546050354
2020-09-02,0.00786713286713292,,0.1120612061206121,-0.006016452586533938,-0.054878048780487854,0.005744296733956933,0.13939692243925195,0.1788732394366197,0.45784148397976376,-0.0010849909584087492
2020-09-09,-0.19011274934952294,,-0.007689194658033194,-0.10256713956079622,-0.10516129032258059,-0.2335182767624021,-0.2016233544778665,-0.13978494623655902,-0.015037593984962405,-0.13396089790007248
2020-09-16,-0.020668237309916515,,0.13580750407830355,0.07119568670964971,0.010454217736121096,0.08026399829678521,0.039698134700270504,-0.2925,-0.2240164415736935,0.03177257525083621
2020-09-23,-0.16183706943685083,,-0.18061041292639146,-0.06562046526909493,-0.09204423831608988,-0.21107607410327156,-0.12298337396258452,0.11189634864546516,-0.058645478622777136,-0.10251215559157212
2020-09-30,0.3189823874755382,0.2298524404086264,0.2857142857142856,0.05287412007513126,0.03339882121807469,0.08668498626030474,0.1237702614072893,0.02259887005649719,0.05466237942122176,0.09164785553047405
2020-10-07,-0.07329376854599412,-0.2046608214120904,-0.05555555555555547,-0.009903130224075185,0.00798479087452475,-0.1128735632183907,-0.04977488744372183,-0.2095994475138121,-0.02591463414634143,0.028949545078577277
2020-10-14,0.14526630376774485,0.20568610385842745,0.11403825333814499,0.07089416237923585,0.0007544322897019562,0.08758745789064526,0.10880056155128548,0.011358671909130535,0.0481220657276995,0.002009646302250756
2020-10-21,-0.010251630941286116,-0.04667949951876793,-0.03498542274052485,0.12107565642690288,-0.004900113079532642,-0.012866333095068017,0.03257629711693166,-0.1853131749460043,-0.0003732736095557465,0.008423586040914532
2020-10-28,-0.06694915254237288,0.025492175668853978,0.019469620678080002,0.0369043893324883,0.002272727272727204,0.054067101134443796,-0.006871711030501215,-0.19406150583244952,0.005974607916355401,-0.022275258552108324
2020-11-04,-0.035926935109496405,-0.21978833374353923,-0.11162331247942048,0.06561508117209369,-0.035525321239606944,-0.06068239065720171,0.03572806543714813,-0.08157894736842108,-0.10059391239792126,-0.032139951179820936
2020-11-11,0.11064587040720197,0.10063091482649833,0.03854707190511486,0.10943491647319181,0.08855799373040751,0.08581179912237924,0.15211344558684736,0.42979942693409745,0.03466776723070564,0.07692307692307687
2020-11-18,0.005655042412818112,0.07423330467182576,0.002855103497501954,0.1323727898501823,0.04643628509719222,0.05253704535249204,0.032010519281757244,0.06412825651302612,0.06940566414040705,0.1459797033567527
2020-11-25,0.46485473289597,0.08244397011739601,0.11352313167259775,0.052821080530094155,0.27554179566563475,0.13267918088737196,0.18932241624195845,0.06920903954802249,0.2334949645654607,1.1485013623978202
2020-12-02,0.015355086372360827,-0.0769041163421248,-0.03163950143815908,0.026724148979801132,-0.09492988133764835,0.029190207156308823,0.050684931506849384,-0.06737120211360637,-0.05503477472029039,0.0003170577045021883
2020-12-09,-0.06616257088846889,-0.1313751668891856,-0.07062706270627062,-0.035174415731874076,-0.06048867699642435,-0.1077767612076852,-0.041486978905492466,-0.21340887629839467,-0.08064000000000004,-0.07575277337559427
2020-12-16,0.1363022941970311,0.02797417768213939,0.08487215909090917,0.1510631851781572,0.08563273073263544,0.10110746513535673,0.11213030133928559,0.07202881152460994,0.09223807866341804,-0.02143347050754474
2020-12-23,-0.18824228028503565,-0.11872009569377984,0.020949263502455073,0.0883925865944053,0.10166520595968453,-0.1208791208791209,-0.0823062690124502,-0.32250839865621506,-0.20713830465264493,-0.5433677939372701
2020-12-30,0.34528163862472594,-0.008822531387852162,0.22250721385059324,0.2431252823855936,0.22513922036595058,0.5330508474576272,0.28582656984194776,0.26942148760330586,0.08440514469453375,-0.18841135840368384
2021-01-06,0.8172920065252853,0.5706949674768915,0.10857592446892217,0.27554023747638,1.2575757575757578,0.3957987838584853,0.6086933411292572,0.25325520833333326,0.1304670126019274,0.1782505910165486
2021-01-13,-0.0640335128665469,0.8478639930252834,-0.05015377336172233,0.014409552709291118,-0.16605944391179295,0.08316831683168324,-0.06670301258064248,0.8945454545454543,0.008852459016393421,0.2263242375601926
2021-01-20,0.20140664961636823,0.4614295824486909,0.06102117061021173,-0.050278952993310755,0.04230857668429522,0.6453382084095065,0.21942044891312062,0.02440361941321645,-0.009099772505687276,-0.03337696335078533
2021-01-27,-0.1687067589143162,-0.09765940274414853,-0.03732394366197189,-0.143045988634808,-0.17593205382748722,-0.1383333333333333,-0.09888586463436766,-0.0115096359743041,-0.06985897015414888,-0.14928909952606628
2021-02-03,0.41805377720870673,0.32915921288014305,0.2733479639112413,0.23844716423895695,3.999330745549458,0.34687298517085763,0.3428969561260078,0.5532087733549957,0.21932299012693934,0.5825706327099083
2021-02-10,1.1250564334085777,2.68842530282638,1.4695518958253544,0.1905020365025769,0.9464524765729585,0.12972714217328862,0.045452909634001504,0.5810669456066948,0.34065934065934056,0.27131003268795584
2021-02-17,-0.052262587635436564,-0.3269476372924649,0.28365384615384603,0.16274591767463797,-0.31911966987620355,0.35593220338983045,0.062042455536431396,-0.09240269048406669,0.13395168248490075,0.05636867088607578
2021-02-24,0.1768661735036987,-0.18866901599349417,0.5371511417180139,-0.046337727358747305,0.14848484848484844,0.05312500000000009,-0.12207072398630037,1.1054549872433483,-0.08560015217804828,-0.12095113274667668
2021-03-03,0.15714285714285725,-0.08987637821583705,-0.053760905446828655,0.013156495303305427,-0.10923482849604227,0.09970326409495556,-0.03477790015813731,-0.1846508944027696,0.020594965675057253,-0.04430244941427042
2021-03-10,-0.06748971193415643,0.08737151248164476,0.15740510009136965,0.10915819897980938,0.10446287519747233,0.014570966001079322,0.1446976699709941,0.00424628450106157,0.05156950672645744,0.03008691776242478
2021-03-17,0.21624007060900263,0.10330857528696824,-0.03143390268408208,0.053954399909398765,0.036474164133738496,-0.039095744680851086,0.015259268334790521,0.0021141649048626032,0.06377204884667576,0.016226741670272604
2021-03-24,-0.22423802612481858,-0.20838433292533654,-0.07957913455838772,-0.11213872243630008,-0.10988442297740209,-0.1621920841406035,-0.131533765215054,-0.044303797468354444,0.017492711370262537,0.022354694485842153
2021-03-31,0.11506080449017775,0.11093931194433693,0.21755755916921604,0.12409952618414777,0.041860465116279055,0.22431450280806087,0.21212197771658103,0.428991905813098,0.6661891117478509,0.1870054144106621
2021-04-07,-0.015100671140939603,0.026443980514961885,0.24116499718998963,-0.04833536869533861,0.09319196428571419,0.06745817593092274,0.02350084415449083,0.3666323377960863,0.18658641444539992,0.6075438596491229
2021-04-14,0.2376490630323682,0.30135593220338985,0.46273705518857855,0.12532693213001567,1.0605751233622596,0.07431749241658236,0.2381044507122565,-0.004898266767143888,0.2717391304347827,1.0048019207683074
2021-04-21,-0.17136958017894022,-0.3276895024746028,-0.009942276526394234,-0.1454955326250903,1.5268373245251858,-0.2049411764705883,-0.030540409398567392,0.23513820522529327,-0.12250712250712248,-0.2972237343494829
2021-04-28,0.11129568106312293,0.09686168151879126,0.03658200143458834,0.019974443922997187,0.05784313725490198,0.006214856466410179,0.16683138289524457,0.37492335990190084,-0.0024350649350649567,0.052672347017815646
2021-05-05,0.10612855007473843,0.24902861179795122,0.15707948899929014,0.04790522384768803,1.0213160333642262,0.18970588235294117,0.28279732888389675,0.0028985507246375164,0.19202603742880386,0.18910963944076542
2021-05-12,0.05337837837837833,-0.07946832579185525,-0.09286491957125109,-0.1391624793416022,-0.4002751031636863,-0.14660074165636583,0.08003434536932597,-0.045353490440195654,-0.1877133105802048,-0.21472772277227736
2021-05-19,-0.05644644002565735,-0.28632872503840234,-0.4310563415994727,-0.25719516451977287,-0.15570846075433242,-0.2734646581691774,-0.35903854075654174,-0.18584070796460173,-0.3349579831932773,-0.16312056737588643
2021-05-26,0.21142080217539094,-0.1024537236332328,0.12853195471967194,0.06861794083357742,0.0658013884696651,-0.021132376395534225,0.1825911113476253,0.014302059496567487,0.05079605761940864,-0.02730696798493426
2021-06-02,-0.015712682379349086,-0.10407673860911282,0.057578390332517104,-0.04372303097487007,0.19937694704049824,0.05702647657841142,-0.06314426744757595,-0.04173716864072208,-0.06144781144781153,-0.007744433688286589
2021-06-09,-0.072405929304447,-0.17558886509635974,-0.06450087129698767,-0.00493387174807558,-0.18984651711924438,-0.10597302504816952,-0.035425564932089926,0.23690406121247798,-0.03523382447149248,-0.10068292682926827
2021-06-16,-0.08789182544560536,-0.08636363636363642,-0.07592006173660826,0.02550921892040936,-0.10317691635091819,-0.00775862068965516,-0.0930576410382129,-0.05710206995003564,-0.08579017264276234,-0.09796051204165757
2021-06-23,-0.15700808625336937,-0.18550106609808092,-0.1469216149282958,-0.12170348419797838,-0.2362690932726682,-0.31364031277150295,-0.16857710013937577,-0.22180166540499624,-0.1612434631028472,-0.23211064341551424
2021-06-30,0.10631494804156683,0.04363001745200701,0.024743451255738513,0.04090871840430621,0.08127659574468082,0.036708860759493644,0.1562461901085057,0.15207522697795084,0.179598198822307,0.10555990602975718
2021-07-07,0.013728323699422118,0.09615384615384603,0.08050861415818433,-0.03353454248997112,-0.11806375442739081,0.029304029304029422,0.018004164945917278,0.03349282296650702,-0.055792101013067086,-0.07635642442272272
2021-07-14,-0.09978617248752686,-0.10068649885583525,-0.05670558824426075,-0.0312947248278449,-0.11869701026327528,-0.18149466192170816,-0.1393540256870598,-0.14596949891067534,-0.06950707510496046,-0.04877300613496938
2021-07-21,-0.07442596991290562,-0.11535199321458856,-0.053133382890016456,-0.020749836230404828,-0.03645569620253175,-0.10724637681159421,0.00038110138299685126,-0.15082908163265307,-0.10076871657754016,-0.07916801031925169
2021-07-28,0.10094097519247214,0.18120805369127524,0.0716455609789397,0.24550895036260711,0.08039936941671044,0.18019480519480502,0.15345517248293206,0.04693954187007132,0.1271139193458466,0.2850639117492557
2021-08-04,0.06993006993007,0.1120129870129869,0.06650528729774496,-0.007280787589111326,-0.020428015564202373,0.31705639614855574,0.1845188429981921,0.28335724533715934,0.10898598516075841,-0.004224008720534078
2021-08-11,0.30501089324618724,0.21970802919708032,0.16834906223868118,0.14641018698211528,0.3147964250248261,0.11749347258485643,0.16058142435760114,0.16433761878144204,0.23951828724353263,0.38478379857690204
2021-08-18,0.17139677239844198,0.7953321364452424,0.012320748447125496,-0.018485759171704585,0.14463746223564966,0.11682242990654212,-0.047385424635362994,0.747239558329333,0.01619287513494072,0.1314229249011858
2021-08-25,0.3021377672209027,0.5423333333333333,0.2711158245587455,0.0957607972708654,-0.034642032332563355,0.08702928870292892,0.07145796278106675,-0.011677428218161978,0.03257790368271962,0.026200873362445476
2021-09-01,0.04706311565122223,-0.08169440242057491,-0.026877234803337258,-0.0031926809376354726,0.006835269993164639,0.27790608160123176,0.1859232050940578,0.5391993327773146,0.08630544124371275,0.052765957446808454
2021-09-08,-0.13902439024390245,-0.12850082372322902,-0.15293853471329133,-0.05664536104722351,-0.1283095723014257,-0.16445783132530134,-0.08604714325260232,0.7250067732321863,-0.024518573082184525,-0.11156022635408258
2021-09-15,0.013759611493322499,0.5641371860653523,0.039330039763826985,0.04503678365739927,-0.03543613707165094,0.3147080028839222,0.0330114953038696,-0.16936286058321548,0.30204962243797184,0.020018198362147466
2021-09-22,-0.09860279441117759,0.27900552486187835,-0.12099149024972755,-0.09496255850396007,-0.09325797335486474,-0.13326021387441733,-0.14835611664020443,-0.0660531955124164,-0.18144159072079535,-0.10437109723461191
2021-09-29,-0.08503100088573967,-0.11622570194384452,-0.030678730644437935,-0.0467393287383121,-0.11576135351736416,-0.13761467889908252,-0.07405615028841661,-0.08692131191793762,-0.12975708502024286,-0.07579681274900407
2021-10-06,0.07018393030009684,-0.08278600885901943,0.18407445708376424,0.3323690286554244,0.2809667673716012,0.18268525311812178,0.2543819956714968,0.13762010347376186,0.11188648522912303,0.16176312102597268
2021-10-13,-0.010402532790592334,-0.08426311407160691,0.08124569064582854,0.036554682961775775,-0.08569182389937113,0.2931141439205953,0.008800138699357918,-0.038071725571725445,0.02468619246861925,0.046382189239331906
2021-10-20,0.0004570383912247955,0.08437897799599936,0.06593686895525575,0.15081350555177897,0.0950128976784177,0.06524346366035028,0.1538273897797673,0.19417803593137917,0.05349122090649239,0.01507092198581561
2021-10-27,-0.1260849703060758,0.03873888982056006,-0.10543003569505649,-0.11445748641871945,-0.06753042795445618,-0.0907453276289123,-0.05722055788722613,0.043606130874950466,-0.12131782945736436,-0.1306550218340612
2021-11-03,0.07893361212754835,0.23329028091701653,0.2678778421756576,0.0763799589562335,0.13263157894736866,0.32144626052501235,0.1733018033743512,0.3170388033817473,0.16784296426996037,0.21559172192083587
2021-11-10,0.017926356589147208,0.12370729153030502,0.08071804068428357,0.03171988273306514,-0.049442379182156215,-0.12256371814092948,0.0062071062461992454,-0.038679944037527836,0.007554296506137925,-0.014876033057851235
2021-11-17,-0.10613993336506433,0.25803821062441745,-0.05931541615149338,-0.07024082471660842,-0.07000391083300728,-0.08628791114908152,-0.07408406684250735,-0.06279428131153164,0.04311152764760995,-0.08053691275167774
2021-11-24,-0.11182108626198084,0.06667284007778496,0.021669952613192267,-0.05285311501915002,-0.08578637510513032,-0.10448807854137443,-0.004147094819045405,-0.06028773692623879,-0.1206648697214735,-0.0565693430656935
2021-12-01,-0.07194244604316535,0.03993402205052532,0.06293694456199739,0.0009248782992734572,-0.03725850965961364,-0.03889323936309064,0.07391923145347801,0.11742405832320779,-0.010013282926330747,-0.04206963249516438
2021-12-08,-0.09819121447028434,-0.22213874279989976,-0.03200993741340585,-0.11733650520890393,-0.14381270903010035,-0.18984247691472034,-0.0322075793309996,-0.1529729024400852,-0.04634121168335237,-0.12932862190812722
2021-12-15,-0.06088825214899707,0.08703584460184577,-0.10948785022127905,-0.032229103613641064,0.010602678571428603,-0.08950720750921881,-0.09454772318794213,-0.0831364896785457,-0.05216450216450208,-0.040700371057513896
2021-12-22,0.012967200610221274,0.1519399743311285,-0.013929943836831105,-0.0055247974585277415,-0.04417448923246825,0.002945508100147265,-0.009683621918367025,-0.0010641276953233803,-0.09659739666590561,0.1532696724283813
2021-12-29,0.003012048192771122,-0.11587247171751813,-0.035953835200659645,-0.04408662599195279,-0.03004043905257081,-0.01615271659324513,-0.08840166178546494,-0.043395380130074046,-0.03361981799797775,-0.14401006183838172
2022-01-05,-0.07657657657657668,-0.05612640558355941,-0.07927315129724999,-0.06539872653679546,-0.05360333531864192,-0.004477611940298498,-0.025497959667264536,-0.09529949595592535,-0.0701020141250327,-0.05375290804456956
2022-01-12,0.06666666666666665,-0.013864640032864473,0.02902313407632562,0.011216482768322544,0.025802391441157813,0.02398800599700146,-0.046296479556205195,-0.018463332469551896,-0.04219409282700426,0.033773291925465854
2022-01-19,0.019054878048780477,-0.13934596958966883,-0.052101495353941374,-0.0511130889644662,-0.008588957055214785,-0.11896046852122988,-0.08545728914358897,-0.10698963764767988,0.015859030837004573,-0.07597947177368891
2022-01-26,-0.19371727748691092,-0.20268635043562444,-0.18846162169180503,-0.11626762455968598,-0.11448019801980192,-0.24968840880764442,-0.201197492203658,-0.31899482631189957,-0.18791558253830587,-0.16052560281766448
2022-02-02,-0.04730983302411884,0.030050083472454192,-0.02069222974774676,0.0024116622141514554,-0.04192872117400426,0.04097452934662238,0.08805541915402193,0.10581723464293469,0.04165183339266654,-0.02985315475229966
2022-02-09,0.16358325219084735,0.32871666421099155,0.15242607417088716,0.20327973825369017,0.16338439095550705,0.1686170212765956,0.21096113177005038,0.11924624595151645,0.19514695830485307,0.447272122421823
2022-02-16,-0.09372384937238498,0.05799512086937231,0.010277856535299001,-0.011853568350205013,-0.06708463949843269,-0.0996813837050522,-0.03769650601222152,-0.10610312171168013,-0.05032885330283088,-0.03792667509481673
2022-02-23,-0.20036934441366572,-0.22974530971596274,-0.14432049393110213,-0.1509349071015943,-0.14381720430107514,-0.19261880687563193,-0.17391248683717797,-0.17000196193839512,-0.08461306835290583,-0.16831919722852695
2022-03-02,0.08429561200923774,0.13471220574227805,0.11872745162348308,0.17881320120147537,0.04552590266875978,0.16530995616781463,0.14260529955791834,0.1907575936650514,0.012006578947368451,0.10485492674518815
2022-03-09,-0.09595314164004254,-0.06931286725026986,-0.03889377504153235,-0.04489594602253277,-0.08858858858858876,-0.039763567974207326,-0.07323764085139861,-0.12585607940446653,-0.011539086624410944,-0.00429017160686429
2022-03-16,-0.011662151018965727,-0.04496843190310518,-0.01962379257752911,-0.01976057393623165,-0.03542009884678743,0.06603245663122559,0.015404035784197134,-0.002611558987169138,0.00443932916803691,0.03499151325238281
2022-03-23,0.3206197854588797,0.16055045871559614,0.059427504667081577,0.043041656415527596,0.1093082835183603,0.1028871391076116,0.09446336234077446,0.08025956284153013,0.05287281060730087,0.056894159202725
2022-03-30,0.07310469314079415,0.11276447337828421,0.08174253548702892,0.09678119340575853,0.10084680523479594,0.06711089957163252,0.11451288973759577,0.2713668458214775,0.14023631840796025,0.027930293626163838
2022-04-06,-0.11438183347350728,-0.13351441704972844,-0.049389140271493215,-0.08242511487807935,0.002797202797202969,-0.11462979482604818,-0.06386793929887069,-0.06341180371352795,-0.13989637305699487,-0.11774268462610304
2022-04-13,-0.07435897435897432,-0.03315649867374004,0.007568365185520065,-0.04695586479897751,-0.02440725244072528,-0.08362720403022672,-0.01590767803440296,-0.0709797327197097,-0.025047558655675317,-0.04817057120294821
2022-04-20,-0.03908895044629124,-0.024317246539468762,-0.011503484114798623,0.005468242903519771,0.005718370264474526,0.04947773501924124,-0.013070386403719825,0.005906449461751118,0.018048780487804894,0.039823008849557695
2022-04-27,-0.10260516762758909,-0.10736196319018398,-0.06468648441980496,-0.05131823658289292,-0.004975124378109319,-0.11210057621791514,-0.061090280530519125,-0.0686618050951795,0.009263695895224355,-0.1325797872340425
2022-05-04,0.06876859012492553,-0.037371134020618535,0.0287677882527273,0.010908222859244976,-0.02857142857142858,-0.037168141592920256,0.017506886480351147,-0.056843603823469646,0.3660389302104763,-0.010118043844856595
2022-05-11,-0.42513636869642657,-0.5378551242005057,-0.3280105297141581,-0.2687233762119706,-0.376764705882353,-0.4454656862745098,-0.2933296149045509,-0.45207547169811324,-0.13403614457831325,-0.356976924268236
2022-05-18,-0.022463206816421222,-0.05020920502092041,0.061643076240807115,-0.012059050473839483,-0.01828692779613017,0.0468508287292817,-0.07996323087066792,-0.019480519480519543,-0.05056856187290959,-0.02480732177263978
2022-05-25,0.018026941362915938,-0.07827854964418846,0.1323145472900058,0.02933587374321056,-0.003965869486840634,0.041059742453029235,0.01535821894877798,-0.0383303230985349,0.19318021699309562,0.0014818473697211232
2022-06-01,0.07316598560031129,-0.13051470588235292,-0.07756394490900131,0.009533259659071813,-0.023407335907335902,-0.04177228023927804,-0.06368750772781595,-0.16339732888146907,-0.014170996693434135,-0.01923551171393345
2022-06-08,0.1611967361740707,0.0350951374207189,-0.03912681219796699,0.013417107592654798,-0.021126760563380365,-0.04835467146333727,-0.014520584124748326,-0.03242703916188583,-0.034379492093914665,0.006034699522252884
2022-06-15,-0.16599000624609617,-0.2520424836601308,-0.1909056224203114,-0.2524916965531131,-0.20875930834279943,-0.055814987769624125,-0.30939738586176657,-0.10518174787316315,-0.21833519414464708,-0.1419645088727819
2022-06-22,-0.1415465268676278,-0.12342981977061707,-0.08273674283019683,-0.115682245500345,-0.01706811293667243,-0.13130004710315601,-0.15247111707589212,-0.018438490348602676,0.0006348198698618024,-0.06233614914069319
2022-06-29,0.01526717557251911,0.1065420560747663,0.025611066972005325,0.006915158026393753,0.126419993508601,-0.047309204283584094,0.04808737956691789,-0.0032286469034340515,0.028707375099127797,0.02174588381484943
2022-07-06,-0.007733619763695021,0.0782657657657655,0.08616997038049679,0.022438360200177643,-0.014839360322720152,-0.015793966989186115,0.0789107225746557,0.08981154299175498,0.04101140918902235,0.00912131346913947
2022-07-13,-0.051309807317601264,-0.017754569190600478,-0.03377244504111432,-0.01529468913178067,-0.09461830944720673,-0.06563539106549077,-0.05975991429125804,-0.056201026749527094,-0.018957345971564066,-0.02530882796022893
2022-07-20,0.12049292560474667,0.2535885167464116,0.12140158916243315,0.14789126090354254,0.13309643030205143,0.15519108773015633,0.36529782786186615,0.20326367019753788,0.019474637681159646,0.1227202472952087
2022-07-27,0.041140529531568326,-0.007633587786259555,0.052038564293181544,-0.011307006011772147,-0.0416250890947969,0.02946691668899004,0.07567752280314388,-0.04258862717106826,0.017325633051976652,-0.010187224669603645
2022-08-03,-0.020344287949921713,-0.01538461538461533,0.09767767104633629,-0.005877129065569475,-0.014576825821805639,0.041243819932344605,-0.011118713650359213,-0.04150099403578533,-0.013391557496360895,0.02837273991655076
2022-08-10,0.07348242811501593,0.2660590277777779,0.10276613579212057,0.049700222341485745,0.07592452830188678,0.1901786829938774,0.14540860454197246,0.10137412496759124,0.03776925346709925,0.031917771165810294
2022-08-17,0.0014880952380953438,-0.12375728488172788,-0.06695044086348434,-0.02594526552327303,0.12443883277216616,-0.12136482939632554,-0.010792589196623625,-0.04590395480225984,-0.029001990332669925,-0.0055045871559632475
2022-08-24,-0.15007429420505203,-0.09976525821596238,-0.03434567257559962,-0.08436787509485588,-0.15283842794759817,-0.09606882542717166,-0.09679178207672678,-0.1394029114236368,-0.051244509516837566,-0.08935160780179241
2022-08-31,-0.02534965034965031,-0.16818774445893092,-0.05810892893298225,-0.06171402097893919,-0.09631811487481601,-0.07032385988103107,-0.061792190857943075,-0.09719036697247718,-0.021759259259259145,-0.05151953690303901
2022-09-07,0.0733183856502242,-0.006792058516196353,-0.00017913442247063927,-0.038042361503180966,-0.006192959582790092,0.023460827527370887,0.04879806454933844,0.038424896792632834,-0.024925067045275306,0.02807445834604816
2022-09-14,0.005013578441612765,0.005786428195686533,0.0010391658006951854,0.04905555509469339,0.002951787471302092,0.0011114198388442187,0.0058895705521471164,0.04342507645259919,-0.0029121501375182213,0.01454437518551499
2022-09-21,-0.08750779463728964,-0.13493723849372397,-0.05448167239404367,-0.08726193159128748,-0.06507521255722692,-0.14987510407993343,-0.23988167845816055,-0.10052754982414991,-0.04170047055005677,0.15330602691632533
2022-09-28,-0.006378132118451063,0.04292623941958884,0.06621488604527914,0.05114887603184948,0.05823714585519402,0.04276852758733263,0.07290438020043499,0.08276311502117939,0.007958008804605399,0.13876204972095385
2022-10-05,-0.011921137093076517,0.008115942028985579,0.044633029151723846,0.03853514225503263,0.07073211039497607,0.007514088916718897,0.01143476797666687,0.02467649714113751,0.048882916176717695,0.08932947204277109
2022-10-12,-0.11531322505800468,-0.08280621046578496,-0.07902787219578522,-0.04989350589313701,-0.07670936872974232,-0.04070851460534486,-0.0429963621306676,-0.08487518355359758,-0.011531069827034002,-0.0016359918200408163
2022-10-19,-0.08287437713086798,-0.05579937304075233,0.003579996309282185,-0.001616300832426254,-0.018890003343363437,-0.01133786848072571,-0.007293574083088061,-0.07413350449293965,0.0006480881399870686,-0.07701761573125776
2022-10-26,0.15270231627108943,0.13014608233731728,0.06888055310385388,0.08642959146909956,0.239734196626342,0.0597968545216252,0.21948087325368726,0.08457538994800684,0.026878238341969007,0.04083444296493566
2022-11-02,-0.043165467625899345,0.05287896592244423,0.10177189059005687,-0.03015051432465876,0.7550852116547553,-0.033235430514762854,-0.03096658901617899,-0.015340364333652934,-0.029485966572059374,-0.04093816631130065
2022-11-09,-0.17785843920145195,-0.2823660714285715,-0.18552290541173533,-0.21490020262695453,-0.4188723570869225,-0.13687240166293568,-0.2727733760118024,-0.5400843881856541,0.045978878960195146,-0.26856380613606046
2022-11-16,0.046042257962787714,0.015552099533437058,0.04171459243923015,0.05234064179438458,0.1513273143781162,0.05724342349018152,0.10059139444107323,0.007057163020465662,-0.2207207207207208,0.14012158054711232
2022-11-23,-0.04069942719324693,0.0007656967840734552,0.0986382039013618,-0.0034280291085141412,-0.04190074906367036,-0.048712107937620375,-0.025961949902899795,0.004905395935529189,0.032290213274865476,0.016528925619834656
2022-11-30,0.0021998742928976966,0.0068859984697779986,0.006164154103852404,0.03443859253642634,0.30466650378695337,0.006262663473936225,0.09396886009005745,-0.01324965132496514,0.05445066615176675,0.06976134277471813
2022-12-07,-0.02696770147381622,0.008358662613981771,-0.05367250449490557,-0.01890766707356506,-0.10337078651685405,-0.03111843309536888,-0.049091835789083604,-0.04593639575971731,-0.02746749679545868,-0.06030889924000982
2022-12-14,-0.007412181759587577,0.03240391861341374,-0.058018436422489605,0.05722345786427607,-0.0779030910609857,-0.015303230682032987,0.0618426929792506,0.045925925925925926,0.046695537563547385,0.004956952778502499
2022-12-21,-0.17727272727272725,-0.1452554744525546,-0.08164942292608224,-0.055065424739781155,-0.16477916194790498,-0.1402532617037605,-0.07163288718929262,-0.140226628895184,-0.012232415902140636,-0.10410176531671855
2022-12-28,-0.02012628255722182,-0.04269854824935948,-0.008378411355594473,-0.016684967062260414,-0.04596610169491511,-0.0439634010265566,-0.020241547485665312,-0.19612850082372324,-0.01402294663995629,0.031005505650536058
2023-01-04,0.0793395086588804,0.07760927743086521,0.06144128624748779,0.018521239118356236,0.039226833428084085,0.080532212885154,0.05646320852287556,0.37719028588994763,0.011636497968230408,-0.023046655424395657
2023-01-11,0.20559701492537297,0.3129139072847682,0.09969473318134381,0.06477068075755543,0.06851750547045943,0.10801468999783981,0.10548224319893018,0.21800595238095255,0.03140405331385798,0.07278481012658222
2023-01-18,0.010832559579077694,-0.001891551071878883,0.00787097227590583,0.15277455680677887,0.02444643542813263,0.10021446675765255,0.08879369307750462,0.27122785583384235,0.042308373163391755,0.015821936175918427
2023-01-25,0.1429883649724435,0.12381554011370799,0.07032039884252006,0.11547324342661702,0.08108445777111428,0.13290802764486975,0.06523924141032089,0.17779913503123512,0.04789402173913038,0.10110876451953543
2023-02-01,0.062952049290115,0.1770657672849918,0.033094462540716796,0.028797014516428465,0.08632844100312043,0.010323791647113945,0.01903857375197071,0.01999184006527943,0.023014586709886542,-0.008151522416686707
2023-02-08,-0.006048387096774244,-0.039637058261700164,0.03465128011098484,-0.032421961254957776,-0.040957446808510656,0.04567270475305785,0.005689536491614966,-0.07120000000000004,0.06036121673003825,-0.03867536862460719
2023-02-15,0.06440162271805283,-0.007956240676280424,-0.032850830412920806,0.059713089033510025,-0.009872434830837329,-0.021024578027835306,0.014773312335321975,0.027993109388458226,0.05886747347975496,0.008549157656525086
2023-02-22,-0.07360647927584563,0.01854636591478709,-0.015849009043072848,-0.005971097569846706,-0.04234819628052888,0.08696309739866903,-0.019136414101018295,0.012568077084206042,-0.020318893749118105,-0.01470954874096242
2023-03-01,-0.07379789148881466,-0.12549212598425197,-0.031151949798296608,-0.02249645676258072,-0.041530182498830115,-0.09085849450396555,0.013491310062801354,-0.06868018204385606,0.007489557828028071,-0.0290991902834008
2023-03-08,-0.11854525263742366,-0.14912774338773216,-0.0510888602491657,-0.08197252440489278,-0.13194190162333697,-0.14370982552800737,-0.079864300939686,-0.1816970235450911,-0.06604717655468195,0.012770393536617242
2023-03-15,0.024881889763779474,0.03240740740740744,0.07027685878460743,0.12289343249446882,-0.01645106861642298,0.05326184092940123,0.07863276865652158,0.04885993485342022,-0.00045920710240321405,-0.07334019557385496
2023-03-22,0.10755992624462185,0.07559256886611143,0.0470178635343117,0.12079668112444919,0.0587562544674769,0.02935686407602245,0.051931709559935646,0.11076604554865432,-0.08315467075038285,0.1716189947236879
2023-03-29,0.05771365149833518,0.030970815961882003,-0.024488781154826222,0.038055101408762226,0.02065892519578716,0.01895812726673274,0.031401327367464704,-0.016775396085740857,0.0759979956572574,0.2863237734060202
2023-04-05,0.028856243441762963,0.04101675332177934,9.557183816522041e-05,-0.006194169073590161,0.22635269215504694,0.03688723507523051,0.06462657105577163,-0.006161137440758413,0.014902204284383602,-0.06762483876911729
2023-04-12,0.032636409994900584,0.013318534961154427,0.01930366642245085,0.06123123939409636,-0.09924487594390508,-0.0003120611639880755,0.004891896421687747,0.13590844062947083,-0.005047415111654852,-0.0019762845849802257
2023-04-19,0.02839506172839501,0.03943044906900317,0.007906497078033592,-0.03623573676600611,0.053053892215568776,-0.014515373809895427,0.00901689756178925,-0.04743912678421491,0.011990776325903285,-0.026534653465346558
2023-04-26,-0.03601440576230486,-0.0943097997892518,0.025269750713134087,-0.013497370576759149,-0.10565222335949043,-0.07301235350015844,-0.03570395470887233,-0.062141912736888516,-0.010937262646209867,-0.06041497152156228
2023-05-03,-0.0181818181818183,0.0011634671320535084,-0.013699458674811815,0.021410415895113166,0.012716174974567673,-0.012813941568426523,0.02101992714806089,0.045112781954887105,0.06389187528797424,0.0028144620047629854
2023-05-10,-0.06215119228817867,-0.09703660662405589,-0.03510762249340771,-0.04865150568235621,-0.08111501757910611,-0.0538248528902735,-0.03327317370044702,-0.0584532374100718,0.002165439584235651,-0.07059585492227982
2023-05-17,0.015958885582905147,-0.02445302445302444,-0.001080428358066543,-0.00805393516097197,0.02254714402842306,-0.00877995244192431,-0.011071192106891226,0.005730659025787732,0.024488619994238014,0.041347270615563314
2023-05-24,-0.030883919062832832,-0.06662269129287601,-0.0268490536026722,-0.039408586594060324,-0.05612722170252571,-0.03007935043365928,-0.012199405121225748,-0.087369420702754,0.08084926884139465,0.011153245594468064
2023-05-31,0.028571428571428692,-0.002826855123674976,0.002811284364682365,0.033958604688794525,0.014583038368965129,0.011605783866057928,0.04113356185312145,0.08324661810613954,-0.020554182385846165,0.14074564306199
2023-06-07,-0.13942307692307698,-0.006378454996456395,-0.15464354402320957,-0.03200788239015406,-0.06070332123918509,-0.055106262930223804,-0.02212878128952045,-0.1051873198847263,0.019524505246380608,0.0029007928833879593
2023-06-14,-0.1828057107386717,-0.18758915834522105,-0.08275170632013262,-0.046422413678592456,-0.10265933739414634,-0.09076433121019112,-0.09918365565111098,-0.2227589908749329,-0.07569046378322042,-0.07423833397608937
2023-06-21,0.08773262438283336,0.13257243195785784,0.0462857863538908,0.1940170494548814,0.08625827814569531,0.05604203152364273,0.14466319360310154,0.19060773480662974,0.020155038759689825,0.041241408039991656
2023-06-28,-0.06808659217877078,-0.04341085271317835,-0.07364995178399225,0.0026116187869889007,-0.04663923182441709,0.011194029850746245,-0.032848048009906816,-0.07308584686774933,0.019066040342636148,-0.06981396279255847
2023-07-05,0.06406893967778182,0.025931928687196182,0.03582736933420083,0.014101911971514891,0.07114308553157489,0.06724067240672404,0.04531774954310164,0.1889862327909888,0.04487527114967449,0.0281720430107526
2023-07-12,0.01760563380281699,0.02843601895734582,0.021188392445877557,-0.003863545538203117,-0.02910447761194046,-0.010948905109489093,-0.020168973387215017,0.15421052631578935,0.010120669521214598,-0.014641288433382194
2023-07-19,0.11695501730103808,0.07526881720430101,-0.013162750645835941,-0.01535680834300368,0.0765564950038431,0.008545348611380676,0.009065994240929909,0.19972640218878235,0.031470777135516936,0.739970282317979
2023-07-26,-0.04925650557620809,-0.05214285714285716,-0.007063907587467777,-0.018936046472762702,0.11337998000856775,0.008087810514153748,-0.008926302414231202,-0.042949448878753294,0.026400996264009935,-0.12687568622666823
2023-08-02,-0.02508960573476693,-0.05501130369253959,0.007323401406093,-0.0064176074864933375,-0.0483519302295754,-0.03419293218720154,-0.01755932348259026,-0.0810166799046862,-0.0725552050473186,-0.04317451446136655
2023-08-09,0.00635026737967892,0.006379585326953707,0.013626355365377485,0.013811009512170846,0.01563342318059302,0.0,0.008194359105417437,0.05315471045808118,0.0031397174254317317,-0.061039719626168165
2023-08-16,-0.08834274327465941,-0.09904912836767032,-0.0495102258289275,-0.029211130040211142,-0.10934182590233543,-0.07674050632911389,-0.026136106227145794,-0.06483381206401317,-0.026604068857590035,-0.08491446345256604
2023-08-23,-0.023679417122040136,-0.09146877748460858,-0.06606010952524688,-0.07920481625486009,-0.049761620977353926,-0.03856041131105392,-0.07002901953834573,-0.046511627906976716,0.039657020364415985,-0.09959211420802172
2023-08-30,-0.009328358208955279,0.006776379477250849,0.0321806177570525,0.03314528517484305,0.03292568203198476,0.010472370766488437,0.01565003007330734,-0.04187758858720658,-0.025257731958762908,-0.0028312570781428015
2023-09-06,-0.02975517890772139,-0.04336538461538464,-0.03802111290033994,-0.0569008119636365,-0.034456587735276156,-0.058654906284454245,-0.042896259769804934,-0.0566762728146013,0.043363299841353786,-0.04751088396744274
2023-09-13,-0.03454968944099379,-0.06603678761684595,-0.012043150748628273,0.0184756662761425,-0.03710108473510454,-0.06301241508550015,-0.014935522406346657,-0.06313645621181274,0.02838317283324865,-0.03974562798092207
2023-09-20,0.012062726176115701,-0.026043908738699884,0.009695486421612554,0.03427358088783938,0.02253061224489805,0.03475000000000006,0.008967829001784944,0.10271739130434776,0.04103006407097087,0.07884933774834435
2023-09-27,-0.028605482717520836,-0.014254143646408979,-0.010767724793735112,-0.028245546773622787,-0.03432859651924003,-0.03599903358299106,-0.015199797829128725,-0.05766387382947258,0.011717363001538805,-0.04316132745060419
2023-10-04,0.0588957055214725,0.1332810223069163,0.005890114032607752,0.054233275923551316,0.01620370370370372,0.013784461152882121,0.03070606422862432,0.21025104602510458,0.040360318203088275,0.06816359262229366
2023-10-11,-0.042873696407879636,-0.07992087042532148,-0.03222935307068908,-0.03305493382464075,-0.04799869834038406,-0.07564894932014832,-0.048743312747830614,-0.048833189282627476,-0.03249746992016178,-0.08258258258258266
2023-10-18,-0.01937046004842613,-0.04203397118899166,0.017909869790406097,0.05421638995787692,0.001709109553922561,-0.022733351163412685,-0.0018257028317544277,0.06406179009541124,0.03695955369595527,-0.0016366612111293755
2023-10-25,0.15596707818930033,0.18168555717652346,0.0563983070997196,0.21799331899419916,0.16618324518000316,0.17460317460317465,0.14326004374352475,0.38514090520922273,0.04785922438915047,0.1383196721311475
2023-11-01,0.09433962264150941,0.16144349477682818,0.025973441368444705,0.02713819507642734,0.008924652523774723,0.1022833178005591,0.033540866043509254,0.26911220715166473,0.071772382072949,0.09648964896489653
2023-11-08,0.16460637605725426,0.06214227309893694,0.08248508248508246,0.0056030289144171075,0.09266241299303957,0.06425702811244993,0.0224179083474505,0.04760748117561331,-0.017964071856287345,0.12855032014447554
2023-11-15,0.05837988826815654,0.5935334872979214,0.0294260700389104,0.06301810438367905,0.012209688122096995,0.10506454816286004,0.09029935681956558,0.5186645026663574,0.05894308943089421,-0.056590049461739955
2023-11-22,0.003958828186856778,0.004830917874396157,-0.06992676588707769,-0.012142004355906955,-0.006686770683099641,-0.07045291157440692,0.002160582240499309,-0.12091603053435118,-0.028790786948176605,-0.05751734772552042
2023-11-29,0.003154574132492094,0.01490384615384599,-0.0376767420201507,0.011695640788580874,0.0626979936642027,-0.00212683681361181,-0.0169131041432502,0.029697811740187596,0.022727272727272707,-0.00327225130890052
2023-12-06,0.1603773584905661,0.241117953576504,0.009546014428998939,0.15607008628727037,0.17848714445410518,0.17109087386165478,0.10043022516595457,0.04334626412548492,0.012560386473430052,0.0510505581089955
2023-12-13,0.5072267389340559,0.48702290076335886,0.09869711098522793,-0.0201836786494074,0.016231028667790914,0.25794176042356054,0.012431928919460988,0.1417717426446814,-0.004770992366412208,-0.019834452600343444
2023-12-20,-0.11642193587054239,0.11575975359342916,0.03275957801221541,0.018242123879774086,-0.051130470856668775,-0.08601867683809017,-0.02596075586538782,0.16423616027183918,-0.015340364333652934,-0.016889738687061895
2023-12-27,0.0747837883669662,-0.02415458937198056,0.2458141321044549,-0.004592864972701061,0.02382774073669247,0.25226651316736226,0.08097528189897507,0.30037699136568174,0.02629016553067176,0.028687196110210866
2024-01-03,-0.12085831492584409,-0.1322489391796322,-0.02604728584199023,-0.014153884093938252,-0.12426604035443578,-0.12227074235807855,-0.07132174395254454,-0.0779949499672683,0.013282732447817969,-0.08208602489365058
2024-01-10,0.016152189519023752,0.04699809834284152,-0.032124319534118206,0.0889856928441819,0.01255638181153218,0.04556166535742334,0.16924141737199005,0.0346891165432599,-0.014044943820224698,0.030724339169241333
2024-01-17,-0.06782055810667609,-0.06512714063310843,0.010725613943298073,-0.08417446153081343,-0.03045990849987945,-0.08089156023040323,-0.021898177344285008,0.0005881776296441377,0.028490028490028463,-0.054121565362198254
2024-01-24,-0.0977643046608564,-0.13433250069386626,-0.05202368242259536,-0.0622530520525969,-0.018874953433503094,-0.11975476839237054,-0.11627750594322195,-0.13059664935828352,0.004616805170821747,-0.08802816901408439
2024-01-31,0.044519109617807695,0.06284065405578709,0.02447015460223212,0.061790051653475064,-0.0035438552082015518,0.02925243770314201,0.021323736756589717,0.09184133423484342,0.032169117647058876,-0.02915057915057917
2024-02-07,0.009449135504624007,0.0645550527903469,0.02391898194416675,0.041921199537164444,0.01752826114568795,0.0434586466165412,0.06247781327653534,0.04355454639281664,0.10062333036509363,0.02147544243388344
2024-02-14,0.1501692889862578,0.19750637574383667,0.08745445080687131,0.16926730935085654,0.06803145674697286,0.10332900994379579,0.14568148725627306,0.1582434971812876,0.04854368932038833,0.04788787229900704
2024-02-21,0.03688311688311696,-0.11003312825366773,0.13484322642412638,0.00019616470042249645,-0.011220196353436185,-0.024425287356321768,0.0688242346562209,-0.10289471437110409,0.07870370370370372,0.02006316180568457
2024-02-28,0.05110220440881763,0.0736506248338209,0.09454008594553276,0.2054357627786747,0.3735224586288417,0.11795421073771584,0.14069263340148952,0.1324957167332952,0.01716738197424883,0.04844290657439432
2024-03-06,0.16825548141086744,0.02947003467062892,0.03449189488643212,0.05772896198991817,0.3588640275387265,0.26227544910179645,0.1284129768422544,0.10010085728693885,-0.030942334739803012,0.06340107694980013
2024-03-13,0.0398476812185502,0.3192205917729132,0.4688584134671354,0.10591332722382929,0.0709309689677009,0.08064516129032273,0.0487465946472172,0.2524257009702806,-0.0420899854862119,0.1262659261679191
2024-03-20,-0.16322260005231481,0.04084609773887671,-0.11744285578416769,-0.07194922624483213,-0.10053222945002949,-0.16716417910447756,-0.1224715904837479,0.17074361007747196,-0.08484848484848484,-0.11370558375634521
2024-03-27,0.01219130978430738,-0.05255781359495448,0.030964312013937567,0.02324230407045369,0.2511505588428664,-0.004849251528568521,-0.0048028527068297855,-0.029647769904126764,-0.011589403973509937,0.0006545573555885031
2024-04-03,-0.12090796788140812,-0.1514423076923077,-0.02125398512221044,-0.04966338040218077,-0.07882291119285334,-0.10805084745762705,-0.05358352120282195,-0.005852977500939716,-0.017587939698492483,-0.06067048242027806
2024-04-10,0.02968557878095912,0.030943560688603267,0.08543813744860373,0.07035465494177484,0.13976041072447232,-0.00095011876484552,0.07044175542835074,-0.06368153829534406,0.01534526854219953,0.07468662952646232
2024-04-17,-0.24223814397816457,-0.29000211371803,-0.1241698233876124,-0.1323091203640907,-0.26126126126126126,-0.2179029957203995,-0.15806811899953743,-0.23916931064320746,-0.07892527287993278,-0.1977968572817107
2024-04-24,0.06843764070238634,0.08246501935099726,0.13947087569510752,0.048629701777339385,0.02506775067750655,0.05274357805137564,0.05158251594575769,0.12002426264311183,0.03190519598906105,0.06462035541195488
2024-05-01,-0.05288664138221666,-0.08443344334433445,-0.07821486082355655,-0.09315502704082146,-0.14011896893588893,-0.0054865723361248175,-0.054244847249211525,-0.08956133225020302,0.06360424028268552,-0.0195371775417299
2024-05-08,0.004671857619577224,0.021628116551516863,0.04859353274626543,0.049802633746437674,0.10069177555726361,0.013646922183507604,0.0015123853921759078,0.056955907502416414,0.019933554817275878,0.0
2024-05-15,0.002435783879539466,0.019406057042046676,-0.011678906568747482,0.0827944709210442,0.08519553072625707,-0.0025780578630764106,0.020229979383246333,0.11551178332747081,0.028501628664495016,0.00444960340491396
2024-05-22,0.06737353655842737,0.15286991635419667,0.0565216643445654,0.04345072153195795,0.06949806949806936,0.07122343480758175,0.23170570899237175,0.11534338147190537,-0.04908946951702298,0.014252696456086289
2024-05-29,-0.06725993377483452,-0.09582186639979984,-0.03138889341126283,-0.02237659634428546,-0.01504211793020438,-0.03887399463806973,0.006929259460486614,-0.049474160352821483,-0.06744379683597002,-0.006646410938093372
2024-06-05,0.023740847570445922,0.011898173768677411,0.17467014034792827,0.05239770862223292,-0.0030543677458766405,0.011436541143654111,0.027707045308355216,0.03247873416215552,0.023214285714285632,0.00535270502771934
2024-06-12,-0.051365409622886826,-0.0905113480995352,-0.11389814987050528,-0.04036520876384031,-0.10416666666666674,-0.07115278543849968,-0.0794551088075397,-0.10600910295557997,0.015706806282722585,-0.06522152500475387
2024-06-19,-0.12200137080191908,-0.19031870114251348,-0.03276438387133229,-0.04829780063592537,-0.16210670314637488,-0.13940023752969122,-7.866825876245986e-05,-0.125990848746536,-0.005154639175257714,0.0032546786004883366
2024-06-26,0.0010408534998698205,-0.04196063869290745,-0.04374102641156641,-0.06353099160256948,0.0016326530612245094,-0.00034500603760556636,-0.053248552249667624,0.008037162660374575,0.05785837651122616,-0.048053527980535415
2024-07-03,0.05692747595529002,0.02635658914728678,-0.029138587241174574,-0.010969769877005042,-0.035044824775876116,0.04831751509922344,-0.022941361523805104,0.029112720356959887,0.04979591836734687,-0.005750798722044648
2024-07-10,-0.04402361042793912,-0.027190332326283984,-0.056717437824812644,-0.040417772103754857,-0.08783783783783794,0.003292181069958877,-0.05823532270606524,0.009382329945269774,0.021772939346811793,-0.05998286203941727
2024-07-17,0.12194494468741968,0.05745341614906829,0.08447240491850172,0.11036420815794945,0.12777777777777777,0.026415094339622636,0.09263846421798183,0.09499331033025848,0.016742770167427867,0.42684594348222404
2024-07-24,-0.06810364595276319,0.04221732745961826,0.010178251239320701,0.01995252793282143,0.05008210180623984,-0.08104219948849112,-0.015500374890042079,0.14488745980707396,0.0052395209580837765,-0.01245807379012942
2024-07-31,-0.045029527559055094,-0.09475167312433963,0.002697294005046702,-0.011589963400679082,-0.04691164972634887,-0.06314141589841704,-0.030976118015681453,-0.03589282705162056,-0.04169769173492177,0.0074397541646451515
2024-08-07,-0.16516361762432363,-0.22762645914396884,-0.17591114196459579,-0.1468229434507473,-0.21599671862182113,-0.14964723356851095,-0.27487128075647316,-0.15689815893731052,-0.03263403263403275,-0.03612136779579378
2024-08-14,0.035185185185184986,0.05591939546599489,0.1024134445286835,0.06471196951956681,0.07146594119493566,-0.042358078602620086,0.13589929592489858,-0.006357542671550087,0.04738955823293156,-0.05246502331778824
2024-08-21,0.10017889087656529,0.12309160305343503,0.08921237129157333,0.04212661238320514,0.037109375,0.06361149110807118,-0.011491446216725931,-0.006885040684331156,0.17868098159509205,0.05519423448760774
2024-08-28,-0.051219512195121886,-0.0038232795242141293,-0.05817563182910357,-0.034776396581375435,-0.061393596986817345,-0.08788853161843524,-0.03901360117656438,0.007913165266106414,0.028627195836044228,-0.05130767949358639
2024-09-04,-0.07626392459297349,-0.06567164179104479,-0.0544692737430168,-0.01808801984977182,-0.016954253611557113,-0.03384253819036431,-0.030991841754556604,-0.07170152157298681,-0.051865907653383836,-0.02001755926251092
2024-09-11,0.09214594928880637,0.06252852578731183,0.044411619891678855,-0.010715729673489771,0.03377895703643241,0.019703235222573667,-0.04474036468110809,-0.00883167427587761,0.022681787858572333,-0.04156961118079194
2024-09-18,-0.025481313703284325,0.061855670103092786,0.055421459551197705,0.07708946517844284,0.02566633761105641,-0.003816793893129722,0.014645003909037113,0.014422713886581562,-0.02544031311154593,0.09422321929332589
2024-09-25,0.10691458454386993,0.10396440129449847,0.049455948828815766,0.02216325259390106,0.04427333974975922,0.11015325670498077,0.08618068976551663,0.10145898466577341,0.00401606425702794,-0.0042713138561422115
2024-10-02,-0.09895013123359586,-0.07145474532795892,-0.07649352197081893,-0.03963950809591221,-0.03594470046082954,-0.11540120793787756,-0.08375037310684619,-0.05271338784888835,0.029333333333333433,-0.07652711050102945
2024-10-09,-0.011942907078357101,0.016574585635359185,0.050899638669714475,-0.000933019798225021,0.031548757170172026,-0.019751280175567043,0.0020307661065137594,-0.006777484483127538,0.03950777202072531,-0.026384243775548155
2024-10-16,0.037735849056603765,0.08773291925465831,0.054100517498465006,0.11602648302671859,0.1649675625579241,0.07263681592039828,0.10239229197277533,0.10774314035339749,-0.0037383177570095016,0.04618320610687032
2024-10-23,-0.00738636363636358,-0.04639543183440398,-0.02755912063772059,-0.014815415166315238,0.11296738265712003,-0.024350649350649456,-0.0339416687412627,0.10666580210089482,0.00250156347717323,-0.041590660342940566
2024-10-30,0.016313680595306357,-0.020583832335329233,0.01887631988773464,0.08585400110519026,0.20300214438884923,-0.004040884240551379,0.05392633002025904,0.024491709146305718,0.055520898315658096,-0.004948610582413249
2024-11-06,0.023092086736130613,0.03286205578907153,-0.004518274657350219,0.0457834959815826,0.16874628639334532,-0.017899761336515607,0.02492523557846038,0.06822991135258794,-0.039598108747044836,0.037681713848507936
2024-11-13,0.5937241948802641,0.22678505364409896,0.04871176202608529,0.19638073665745792,1.0320284697508897,0.23426488456865124,0.17129424027659002,0.15349609165863587,0.08800000000000008,0.2735483870967741
2024-11-20,0.3830742659758204,0.013570566948130303,-0.02498632429127645,0.04288921441911042,-0.05429071803852892,0.12679661350659588,-0.037266710953461346,0.09375725226270615,0.1012443438914028,0.5993631495151253
2024-11-27,0.26498501498501503,0.30407616780720015,0.06409135162786095,0.016715314020185668,0.06190476190476191,0.479643543596016,0.1905096683689247,0.028050074262677693,0.03184386235233694,0.33122171945701373
2024-12-04,0.1737413622902273,0.20602327173169055,0.1482360238815228,0.029120805656587034,0.07947184853014466,0.24350495984884257,0.0512451779938814,-0.05275324032031703,0.6436037829766053,0.6057104010876955
2024-12-11,-0.08578637510513043,-0.08267120696178576,-0.03873372589271251,0.024821808437653026,-0.04384952688668364,-0.14529914529914523,-0.002647490995149826,-0.008976817151821526,-0.14566929133858264,0.014394580863674733
2024-12-18,-0.10929162833486661,-0.11816869457620138,-0.036037428346633704,-0.010432588655660435,-0.13565049481052383,-0.14722222222222225,-0.054837456355590675,-0.09220824905461256,-0.08507621410847221,-0.036310517529215214
2024-12-25,-0.052984920470977026,-0.05916744621141257,0.023815423182871553,-0.007900365921144514,-0.06702038536721577,-0.023452768729641638,-0.03600327753974841,-0.044175345119883636,-0.0007748934521502049,-0.005630142919012759
2025-01-01,0.0038172101646853918,-0.06313696246582146,0.00566588369278942,-0.04995719435734469,-0.029033223585752777,-0.061507671781187545,-0.04032144972912022,-0.017635433030963488,-0.00891818534315636,0.013937282229965264
2025-01-08,0.028683181225554133,-0.007429026266914329,-0.014948402531036242,0.0069767188095750665,0.05487053020961774,-0.03923798692067104,-0.007974281897127677,0.018571060098013792,-0.020735524256650928,0.019329896907216648
2025-01-15,0.13645965356991985,0.06495589414595049,0.027102763447195644,0.057440495666224,0.12594973699590883,0.059781000295945574,0.03757056881925358,0.04279564446695372,-0.04954055133839397,0.32448377581120913
2025-01-22,-0.08726765799256508,-0.07680722891566272,-0.02732500384760672,0.03142188444549876,-0.05917466908902147,-0.10053057805082377,-0.060845656406452786,0.24968431277319092,0.06599411517444298,0.011135857461024523
2025-01-29,-0.0429691477446289,-0.10848287112561183,-0.03926927502876876,0.0007127486807059213,-0.1062068965517241,-0.10509158646383121,-0.039305755650915875,-0.11340406513543977,-0.05283911671924291,-0.03461296412838255
2025-02-05,-0.220768166826258,-0.21164989326014028,-0.1472376104207217,-0.0685276313180545,-0.20956790123456792,-0.18664353859496963,-0.10455027134645645,-0.14035856748345232,-0.07327227310574524,-0.22392438070404186
2025-02-12,0.0921627525942108,0.025145067698259194,0.2236989957159914,0.012841274540737357,0.03162827020695036,0.11452335252719137,-0.017912727898670155,0.003467441741879407,0.09299191374663063,0.0390592188156238
2025-02-19,-0.032629078634829334,-0.10415094339622644,-0.06211171212534261,-0.012604085983075608,-0.03557910673732012,-0.06448526597780324,-0.008435059173218296,-0.1417246811321713,-0.0036991368680640013,0.10670978172999179
2025-02-26,-0.16477125872318432,-0.07961246840775049,-0.0655060580100354,-0.12947518439121952,-0.20251177394034547,-0.029658416854162484,-0.14080435431067184,-0.20005920663114263,-0.06229372937293731,-0.19795471146822496
2025-03-05,0.5073495280829337,-0.005491990846681949,-0.020561176046884788,0.07705390261883083,0.007874015748031482,-0.0461635750421584,-0.03918358249897136,0.08296943231441034,0.0717113946326442,0.13843351548269567
2025-03-12,-0.2448162594949702,-0.12977450529222279,-0.04770182182851401,-0.07665377637102866,-0.158203125,-0.12287292817679563,-0.14890484899852774,-0.13463641334062326,-0.08456486042692946,-0.10440000000000005
2025-03-19,0.01114584749218439,0.043892120571126236,0.08628194327436112,0.03840739404726978,0.033062645011600944,0.1436130007558578,0.07810681901567174,0.06926235981677453,0.03542600896860981,0.13756141134435018
2025-03-26,-0.020164000537706728,0.11651469098277611,-0.0014379887546047687,0.0005231443913049638,0.09432902863559778,0.03370786516853941,-0.022985823464208632,0.01462441834699768,0.002165439584235651,-0.07773851590106007
2025-04-02,-0.12223899025929474,-0.18375680580762255,-0.04486837208549754,-0.0510028593960582,-0.159569009748589,-0.15494458653026433,-0.1069893115184809,-0.14544660406202226,0.011235955056179803,-0.1387824606215411
2025-04-09,-0.013441700531416134,0.02501389660922748,-0.013518549889886322,0.0011692244132601726,-0.021367521367521403,-0.08171500630517026,-0.07000328758574192,0.014055711730130316,0.019230769230769162,0.014335145823034967
2025-04-16,-0.03247782002534849,0.017353579175704903,0.000721252919356985,0.017464848899397367,-0.03493449781659386,-0.02334523482559736,-0.054979029358897535,0.10315860215053752,0.03815513626834388,0.015107212475633514
2025-04-23,0.14278696577697714,0.19136460554370993,0.03984624360778399,0.11543376484896961,0.15513897866839033,0.15101237345331842,0.13861555628819966,0.15115747791653966,-0.005654281098545932,0.06529044647143523
2025-04-30,-0.02306920762286857,-0.06398210290827744,-0.010050168327942477,0.004874786659401886,-0.0358142137660884,-0.005863669679941341,-0.0011359396838300784,-0.02381424885890049,0.0008123476848092004,-0.012618296529968487
2025-05-07,-0.015107069521853922,-0.06548757170172093,0.005034424125227144,0.030430485844307853,-0.0017411491584446992,-0.02457606291472103,0.00976123712949395,-0.0014230534661515692,0.008928571428571397,-0.02921040620721138
2025-05-14,0.18957557706626949,0.2772378516624039,0.08251919919056538,0.06688653444169823,0.3534883720930233,0.2552280171327792,0.440960835624455,0.19896851248642777,0.10498793242156079,0.19934179595674673
2025-05-21,-0.03680520781171759,-0.07168602322787343,0.031227016425594556,0.05945408974910715,0.005584192439862523,-0.04817342432757932,-0.022167987831744007,-0.01737604709078555,-0.02329814342919556,-0.06076048608388873
2025-05-28,-0.028073823758772987,0.0185504745470233,0.020980060027933733,-0.017126275275100578,-0.05638615976078598,-0.03268663011387607,0.05089314750745433,-0.007660849029433869,0.02049944092433842,-0.05050083472454092
2025-06-04,-0.10978871355977537,-0.14866581956797964,-0.03430159792764198,-0.028520481749816917,-0.14803078315980078,-0.12622629169391753,-0.027523209425450057,-0.1101114464824704,0.0021913805697588717,-0.03208791208791206
2025-06-11,0.04882079014571139,0.0736318407960197,0.006118420061184127,0.03752677906554913,0.025504782146652527,0.04540918163672658,0.06298786940052437,0.05029026156154193,0.018586005830903973,0.03133514986376018
2025-06-18,-0.1346319106273275,-0.1584800741427247,-0.03374623668798582,-0.03449596132678945,-0.11554404145077724,-0.13532219570405735,-0.08898603101093938,-0.0907340703018259,-0.023255813953488413,-0.04403346543372966
2025-06-25,-0.06107249255213498,-0.03193832599118951,0.002077197333746783,0.023559136385785884,-0.035149384885764356,-0.07424786088876623,-0.041815626422788355,-0.018851171368075903,0.00073260073260073,0.007369875633348677
2025-07-02,0.029613960867265865,0.05346985210466437,0.0210847101045728,0.01384303222685146,0.024893746205221667,0.05694692903995224,0.06243208290121194,0.060563870518621554,0.04136163982430441,0.021490626428898096
2025-07-09,0.06642698168121908,0.053455723542116695,0.013665217325435242,0.0220879296280847,0.0699052132701421,0.0214386459802538,0.07725962828575095,0.0312438464063014,0.018629173989455294,0.07654431512981197
2025-07-16,0.22780542623214006,0.16248077908764724,0.05964817886980822,0.06656983404872063,0.1777408637873754,0.14830157415078715,0.21773002790623797,0.10578575520336053,0.06832298136645965,0.26361746361746374
2025-07-23,0.06746861924686187,0.0564373897707231,0.0959238363892807,0.0009133080208596489,0.13211095439586273,-0.010582010582010692,0.076223651833625,0.09077303862315089,-0.0003229974160205984,0.04837117472852914
2025-07-30,-0.0014698677119059367,0.0008347245409014992,0.0020977850992909275,-0.003984217328045991,-0.02034883720930225,-0.01628585318424891,0.026904779613300622,-0.029287598944591098,0.020355411954765756,-0.0012554927809165228
